porteur_team;porteur_x;porteur_y;temps_min
;;;0.0
;;;0.0
;;;0.008666666666666666
;;;0.008666666666666666
;;;0.017333333333333333
;;;0.017333333333333333
;;;0.026
1;44.349;40.522;0.026
1;44.886;40.84;0.034666666666666665
;;;0.034666666666666665
1;45.483;40.263;0.043333333333333335
;;;0.043333333333333335
1;45.979;39.483;0.052
;;;0.052
1;46.383;38.759;0.06066666666666667
;;;0.06066666666666667
1;46.708;38.179;0.06933333333333333
;;;0.06933333333333333
;;;0.078
;;;0.078
0;33.66;17.713;0.08666666666666667
;;;0.08666666666666667
;;;0.09533333333333334
;;;0.09533333333333334
;;;0.104
1;44.898;28.118;0.104
;;;0.11266666666666666
1;45.025;26.728;0.11266666666666666
1;45.139;25.18;0.12133333333333333
;;;0.12133333333333333
;;;0.13
;;;0.13
;;;0.13866666666666666
;;;0.13866666666666666
;;;0.14733333333333334
0;32.106;32.408;0.14733333333333334
;;;0.156
;;;0.156
;;;0.16466666666666666
;;;0.16466666666666666
;;;0.17333333333333334
;;;0.17333333333333334
;;;0.182
0;36.042;51.785;0.182
;;;0.19066666666666668
0;36.287;53.727;0.19066666666666668
;;;0.19933333333333333
;;;0.19933333333333333
;;;0.208
;;;0.208
;;;0.21666666666666667
;;;0.21666666666666667
;;;0.22533333333333333
1;42.994;51.737;0.22533333333333333
1;43.927;52.915;0.234
;;;0.234
;;;0.24266666666666667
;;;0.24266666666666667
;;;0.25133333333333335
;;;0.25133333333333335
;;;0.26
;;;0.26
;;;0.26866666666666666
;;;0.26866666666666666
;;;0.2773333333333333
;;;0.2773333333333333
;;;0.286
1;44.51;39.977;0.286
;;;0.2946666666666667
1;46.51;39.799;0.2946666666666667
;;;0.30333333333333334
1;48.342;39.612;0.30333333333333334
;;;0.312
1;49.579;38.871;0.312
;;;0.32066666666666666
;;;0.32066666666666666
;;;0.3293333333333333
;;;0.3293333333333333
;;;0.338
;;;0.338
;;;0.3466666666666667
;;;0.3466666666666667
;;;0.35533333333333333
1;52.862;26.23;0.35533333333333333
;;;0.364
;;;0.364
;;;0.37266666666666665
;;;0.37266666666666665
;;;0.38133333333333336
;;;0.38133333333333336
;;;0.39
;;;0.39
;;;0.39866666666666667
;;;0.39866666666666667
1;49.273;53.785;0.4073333333333333
;;;0.4073333333333333
;;;0.416
;;;0.416
;;;0.4246666666666667
;;;0.4246666666666667
;;;0.43333333333333335
;;;0.43333333333333335
;;;0.442
;;;0.442
;;;0.45066666666666666
;;;0.45066666666666666
1;73.68;67.557;0.4593333333333333
;;;0.4593333333333333
1;75.186;67.107;0.468
;;;0.468
;;;0.4766666666666667
1;76.865;66.514;0.4766666666666667
;;;0.48533333333333334
1;78.068;66.027;0.48533333333333334
1;78.14;65.448;0.494
;;;0.494
1;77.17;64.149;0.5026666666666667
;;;0.5026666666666667
1;75.921;61.748;0.5113333333333333
;;;0.5113333333333333
;;;0.52
;;;0.52
;;;0.5286666666666666
;;;0.5286666666666666
;;;0.5373333333333333
;;;0.5373333333333333
;;;0.546
;;;0.546
;;;0.5546666666666666
;;;0.5546666666666666
;;;0.5633333333333334
;;;0.5633333333333334
;;;0.572
;;;0.572
;;;0.5806666666666667
;;;0.5806666666666667
;;;0.5893333333333334
;;;0.5893333333333334
;;;0.598
;;;0.598
;;;0.6066666666666667
;;;0.6066666666666667
;;;0.6153333333333333
;;;0.6153333333333333
;;;0.624
;;;0.624
;;;0.6326666666666667
;;;0.6326666666666667
;;;0.6413333333333333
;;;0.6413333333333333
;;;0.65
;;;0.65
;;;0.6586666666666666
;;;0.6586666666666666
;;;0.6673333333333333
;;;0.6673333333333333
;;;0.676
;;;0.676
;;;0.6846666666666666
;;;0.6846666666666666
;;;0.6933333333333334
;;;0.6933333333333334
;;;0.702
;;;0.702
;;;0.7106666666666667
;;;0.7106666666666667
;;;0.7193333333333334
;;;0.7193333333333334
;;;0.728
;;;0.728
;;;0.7366666666666667
;;;0.7366666666666667
;;;0.7453333333333333
;;;0.7453333333333333
;;;0.754
;;;0.754
;;;0.7626666666666667
;;;0.7626666666666667
;;;0.7713333333333333
;;;0.7713333333333333
;;;0.78
;;;0.78
;;;0.7886666666666666
;;;0.7886666666666666
1;57.317;59.005;0.7973333333333333
;;;0.7973333333333333
;;;0.806
;;;0.806
;;;0.8146666666666667
;;;0.8146666666666667
;;;0.8233333333333334
;;;0.8233333333333334
;;;0.832
;;;0.832
;;;0.8406666666666667
;;;0.8406666666666667
;;;0.8493333333333334
;;;0.8493333333333334
;;;0.858
;;;0.858
;;;0.8666666666666667
;;;0.8666666666666667
;;;0.8753333333333333
;;;0.8753333333333333
;;;0.884
;;;0.884
1;104.558;67.818;0.8926666666666667
;;;0.8926666666666667
;;;0.9013333333333333
;;;0.9013333333333333
;;;0.91
;;;0.91
;;;0.9186666666666666
1;68.886;47.011;0.9186666666666666
1;67.334;48.168;0.9273333333333333
;;;0.9273333333333333
;;;0.936
1;66.044;48.973;0.936
;;;0.9446666666666667
1;64.65;49.504;0.9446666666666667
1;63.366;49.987;0.9533333333333334
;;;0.9533333333333334
1;62.873;50.187;0.962
;;;0.962
;;;0.9706666666666667
;;;0.9706666666666667
;;;0.9793333333333333
;;;0.9793333333333333
;;;0.988
;;;0.988
;;;0.9966666666666667
;;;0.9966666666666667
;;;1.0053333333333334
;;;1.0053333333333334
;;;1.014
;;;1.014
;;;1.0226666666666666
;;;1.0226666666666666
;;;1.0313333333333334
;;;1.0313333333333334
;;;1.04
;;;1.04
;;;1.0486666666666666
;;;1.0486666666666666
;;;1.0573333333333332
;;;1.0573333333333332
;;;1.066
;;;1.066
;;;1.0746666666666667
;;;1.0746666666666667
;;;1.0833333333333333
;;;1.0833333333333333
;;;1.092
;;;1.092
;;;1.1006666666666667
;;;1.1006666666666667
;;;1.1093333333333333
1;41.035;5.653;1.1093333333333333
;;;1.118
1;42.689;5.789;1.118
1;44.343;4.728;1.1266666666666667
;;;1.1266666666666667
;;;1.1353333333333333
1;46.226;4.432;1.1353333333333333
1;48.169;5.421;1.144
;;;1.144
;;;1.1526666666666667
;;;1.1526666666666667
;;;1.1613333333333333
;;;1.1613333333333333
;;;1.17
;;;1.17
;;;1.1786666666666668
;;;1.1786666666666668
;;;1.1873333333333334
;;;1.1873333333333334
;;;1.196
;;;1.196
;;;1.2046666666666668
;;;1.2046666666666668
;;;1.2133333333333334
;;;1.2133333333333334
;;;1.222
1;63.657;32.549;1.222
1;62.178;35.29;1.2306666666666666
;;;1.2306666666666666
1;60.227;37.874;1.2393333333333334
;;;1.2393333333333334
1;57.845;39.833;1.248
;;;1.248
1;55.273;41.265;1.2566666666666666
;;;1.2566666666666666
1;52.759;42.488;1.2653333333333334
;;;1.2653333333333334
;;;1.274
;;;1.274
;;;1.2826666666666666
;;;1.2826666666666666
;;;1.2913333333333334
;;;1.2913333333333334
;;;1.3
;;;1.3
;;;1.3086666666666666
;;;1.3086666666666666
;;;1.3173333333333332
;;;1.3173333333333332
;;;1.326
;;;1.326
;;;1.3346666666666667
;;;1.3346666666666667
1;39.985;66.016;1.3433333333333333
;;;1.3433333333333333
;;;1.352
;;;1.352
;;;1.3606666666666667
;;;1.3606666666666667
;;;1.3693333333333333
;;;1.3693333333333333
;;;1.378
;;;1.378
;;;1.3866666666666667
;;;1.3866666666666667
;;;1.3953333333333333
;;;1.3953333333333333
0;98.887;23.66;1.404
1;58.616;62.727;1.404
;;;1.4126666666666667
0;98.569;21.789;1.4126666666666667
;;;1.4213333333333333
;;;1.4213333333333333
;;;1.43
;;;1.43
;;;1.4386666666666668
;;;1.4386666666666668
;;;1.4473333333333334
;;;1.4473333333333334
1;72.163;45.182;1.456
;;;1.456
;;;1.4646666666666666
;;;1.4646666666666666
;;;1.4733333333333334
;;;1.4733333333333334
;;;1.482
;;;1.482
;;;1.4906666666666666
1;69.264;24.853;1.4906666666666666
;;;1.4993333333333334
1;68.256;23.7;1.4993333333333334
;;;1.508
1;67.483;23.048;1.508
;;;1.5166666666666666
;;;1.5166666666666666
1;28.301;15.153;1.5253333333333334
;;;1.5253333333333334
;;;1.534
1;27.631;16.801;1.534
;;;1.5426666666666666
1;27.425;18.974;1.5426666666666666
;;;1.5513333333333332
1;67.917;36.519;1.5513333333333332
1;65.757;37.311;1.56
;;;1.56
1;63.193;37.579;1.5686666666666667
;;;1.5686666666666667
;;;1.5773333333333333
;;;1.5773333333333333
;;;1.586
;;;1.586
;;;1.5946666666666667
;;;1.5946666666666667
;;;1.6033333333333333
;;;1.6033333333333333
1;38.184;55.376;1.612
0;56.233;52.466;1.612
;;;1.6206666666666667
;;;1.6206666666666667
;;;1.6293333333333333
;;;1.6293333333333333
;;;1.638
;;;1.638
;;;1.6466666666666667
0;70.1;47.032;1.6466666666666667
;;;1.6553333333333333
0;69.244;48.481;1.6553333333333333
1;10.835;54.031;1.664
;;;1.664
1;8.097;52.549;1.6726666666666667
;;;1.6726666666666667
;;;1.6813333333333333
1;5.421;50.765;1.6813333333333333
;;;1.69
;;;1.69
;;;1.6986666666666668
;;;1.6986666666666668
;;;1.7073333333333334
;;;1.7073333333333334
;;;1.716
;;;1.716
;;;1.7246666666666666
;;;1.7246666666666666
;;;1.7333333333333334
;;;1.7333333333333334
;;;1.742
;;;1.742
;;;1.7506666666666666
;;;1.7506666666666666
;;;1.7593333333333334
;;;1.7593333333333334
;;;1.768
;;;1.768
;;;1.7766666666666666
;;;1.7766666666666666
;;;1.7853333333333334
;;;1.7853333333333334
;;;1.794
;;;1.794
;;;1.8026666666666666
1;32.084;13.937;1.8026666666666666
1;33.453;12.927;1.8113333333333332
;;;1.8113333333333332
;;;1.82
1;35.434;11.51;1.82
1;38.419;9.971;1.8286666666666667
;;;1.8286666666666667
1;42.035;8.982;1.8373333333333333
;;;1.8373333333333333
1;45.894;8.767;1.846
;;;1.846
1;38.692;49.462;1.8546666666666667
1;49.701;8.934;1.8546666666666667
1;53.142;9.482;1.8633333333333333
1;39.96;52.348;1.8633333333333333
;;;1.872
1;41.643;55.155;1.872
;;;1.8806666666666667
1;42.568;57.222;1.8806666666666667
;;;1.8893333333333333
1;42.265;58.09;1.8893333333333333
;;;1.898
;;;1.898
;;;1.9066666666666667
;;;1.9066666666666667
1;61.693;35.966;1.9153333333333333
;;;1.9153333333333333
1;60.274;37.525;1.924
;;;1.924
;;;1.9326666666666668
;;;1.9326666666666668
;;;1.9413333333333334
;;;1.9413333333333334
;;;1.95
;;;1.95
1;55.882;47.893;1.9586666666666666
;;;1.9586666666666666
;;;1.9673333333333334
;;;1.9673333333333334
;;;1.976
;;;1.976
1;41.964;32.52;1.9846666666666666
;;;1.9846666666666666
;;;1.9933333333333334
;;;1.9933333333333334
1;39.55;66.223;2.002
;;;2.002
;;;2.010666666666667
1;37.345;66.182;2.010666666666667
1;44.412;24.969;2.0193333333333334
1;35.019;65.796;2.0193333333333334
1;32.547;64.825;2.028
1;45.046;24.357;2.028
1;29.854;63.633;2.0366666666666666
;;;2.0366666666666666
1;27.223;62.606;2.0453333333333332
;;;2.0453333333333332
1;25.389;61.557;2.054
;;;2.054
1;24.96;60.18;2.062666666666667
;;;2.062666666666667
;;;2.0713333333333335
;;;2.0713333333333335
;;;2.08
;;;2.08
;;;2.0886666666666667
;;;2.0886666666666667
;;;2.0973333333333333
;;;2.0973333333333333
;;;2.106
;;;2.106
;;;2.1146666666666665
;;;2.1146666666666665
1;22.317;42.922;2.1233333333333335
;;;2.1233333333333335
;;;2.132
;;;2.132
;;;2.1406666666666667
1;53.701;11.065;2.1406666666666667
1;54.531;11.0;2.1493333333333333
;;;2.1493333333333333
1;54.744;11.025;2.158
1;8.636;42.218;2.158
;;;2.1666666666666665
;;;2.1666666666666665
;;;2.175333333333333
;;;2.175333333333333
;;;2.184
;;;2.184
;;;2.1926666666666668
;;;2.1926666666666668
;;;2.2013333333333334
1;47.057;26.733;2.2013333333333334
;;;2.21
;;;2.21
;;;2.2186666666666666
;;;2.2186666666666666
;;;2.227333333333333
;;;2.227333333333333
;;;2.236
;;;2.236
;;;2.244666666666667
0;14.285;40.0;2.244666666666667
;;;2.2533333333333334
0;14.994;40.497;2.2533333333333334
;;;2.262
;;;2.262
;;;2.2706666666666666
;;;2.2706666666666666
;;;2.279333333333333
;;;2.279333333333333
;;;2.288
;;;2.288
;;;2.296666666666667
;;;2.296666666666667
;;;2.3053333333333335
;;;2.3053333333333335
;;;2.314
;;;2.314
;;;2.3226666666666667
;;;2.3226666666666667
;;;2.3313333333333333
;;;2.3313333333333333
;;;2.34
;;;2.34
;;;2.3486666666666665
;;;2.3486666666666665
1;13.425;42.191;2.3573333333333335
;;;2.3573333333333335
;;;2.366
1;14.099;42.415;2.366
;;;2.3746666666666667
;;;2.3746666666666667
;;;2.3833333333333333
;;;2.3833333333333333
;;;2.392
;;;2.392
1;64.213;36.148;2.4006666666666665
;;;2.4006666666666665
;;;2.4093333333333335
;;;2.4093333333333335
;;;2.418
;;;2.418
;;;2.4266666666666667
;;;2.4266666666666667
;;;2.4353333333333333
;;;2.4353333333333333
;;;2.444
;;;2.444
;;;2.4526666666666666
;;;2.4526666666666666
;;;2.461333333333333
;;;2.461333333333333
;;;2.47
;;;2.47
;;;2.478666666666667
;;;2.478666666666667
;;;2.4873333333333334
;;;2.4873333333333334
;;;2.496
;;;2.496
;;;2.5046666666666666
;;;2.5046666666666666
;;;2.513333333333333
;;;2.513333333333333
;;;2.522
;;;2.522
;;;2.530666666666667
;;;2.530666666666667
;;;2.5393333333333334
;;;2.5393333333333334
;;;2.548
;;;2.548
;;;2.5566666666666666
;;;2.5566666666666666
;;;2.5653333333333332
;;;2.5653333333333332
;;;2.574
;;;2.574
;;;2.582666666666667
;;;2.582666666666667
;;;2.5913333333333335
;;;2.5913333333333335
;;;2.6
;;;2.6
;;;2.6086666666666667
;;;2.6086666666666667
;;;2.6173333333333333
;;;2.6173333333333333
;;;2.626
1;84.49;7.234;2.626
;;;2.6346666666666665
1;86.43;9.175;2.6346666666666665
;;;2.6433333333333335
1;87.832;11.803;2.6433333333333335
;;;2.652
1;87.844;14.758;2.652
1;87.095;17.552;2.6606666666666667
;;;2.6606666666666667
;;;2.6693333333333333
;;;2.6693333333333333
;;;2.678
;;;2.678
;;;2.6866666666666665
;;;2.6866666666666665
;;;2.695333333333333
1;85.229;28.181;2.695333333333333
1;85.817;28.5;2.704
;;;2.704
;;;2.712666666666667
;;;2.712666666666667
;;;2.7213333333333334
;;;2.7213333333333334
;;;2.73
;;;2.73
;;;2.7386666666666666
;;;2.7386666666666666
;;;2.747333333333333
0;85.05;28.059;2.747333333333333
;;;2.756
0;85.075;27.777;2.756
0;85.526;27.219;2.764666666666667
;;;2.764666666666667
0;86.227;26.58;2.7733333333333334
;;;2.7733333333333334
0;86.881;26.194;2.782
;;;2.782
0;87.283;26.331;2.7906666666666666
;;;2.7906666666666666
0;86.005;26.728;2.7993333333333332
;;;2.7993333333333332
0;86.424;26.819;2.808
;;;2.808
;;;2.816666666666667
0;86.621;26.84;2.816666666666667
;;;2.8253333333333335
0;86.664;26.839;2.8253333333333335
0;86.666;26.836;2.834
;;;2.834
0;86.683;26.848;2.8426666666666667
;;;2.8426666666666667
;;;2.8513333333333333
0;86.793;26.968;2.8513333333333333
;;;2.86
0;87.074;27.264;2.86
0;86.473;27.705;2.8686666666666665
;;;2.8686666666666665
;;;2.8773333333333335
0;86.56;27.755;2.8773333333333335
0;86.654;27.81;2.886
;;;2.886
;;;2.8946666666666667
0;86.763;27.876;2.8946666666666667
;;;2.9033333333333333
0;86.878;27.943;2.9033333333333333
;;;2.912
1;84.491;27.464;2.912
1;84.538;27.115;2.9206666666666665
;;;2.9206666666666665
;;;2.929333333333333
1;84.613;26.852;2.929333333333333
;;;2.938
1;84.628;26.781;2.938
1;84.6;26.771;2.9466666666666668
;;;2.9466666666666668
;;;2.9553333333333334
1;84.554;26.724;2.9553333333333334
1;84.5;26.65;2.964
;;;2.964
1;84.459;26.598;2.9726666666666666
;;;2.9726666666666666
;;;2.981333333333333
1;84.447;26.584;2.981333333333333
;;;2.99
1;84.449;26.589;2.99
;;;2.998666666666667
1;84.45;26.595;2.998666666666667
;;;3.0073333333333334
1;84.45;26.593;3.0073333333333334
;;;3.016
1;84.455;26.574;3.016
1;84.453;26.578;3.0246666666666666
;;;3.0246666666666666
1;84.411;26.715;3.033333333333333
;;;3.033333333333333
1;84.324;26.995;3.042
;;;3.042
1;84.255;27.187;3.050666666666667
;;;3.050666666666667
1;84.249;27.118;3.0593333333333335
;;;3.0593333333333335
1;84.246;27.013;3.068
;;;3.068
;;;3.0766666666666667
1;84.199;27.065;3.0766666666666667
1;84.187;27.109;3.0853333333333333
;;;3.0853333333333333
;;;3.094
1;84.239;27.031;3.094
;;;3.1026666666666665
1;84.275;26.966;3.1026666666666665
;;;3.1113333333333335
1;84.274;26.97;3.1113333333333335
;;;3.12
1;84.256;26.975;3.12
1;84.228;26.93;3.1286666666666667
;;;3.1286666666666667
;;;3.1373333333333333
1;84.193;26.878;3.1373333333333333
;;;3.146
1;84.192;26.883;3.146
;;;3.1546666666666665
1;84.299;26.955;3.1546666666666665
;;;3.1633333333333336
1;84.524;27.05;3.1633333333333336
;;;3.172
1;84.729;27.147;3.172
1;84.797;27.234;3.1806666666666668
;;;3.1806666666666668
1;84.743;27.301;3.1893333333333334
;;;3.1893333333333334
1;84.652;27.295;3.198
;;;3.198
;;;3.2066666666666666
1;84.638;27.149;3.2066666666666666
;;;3.215333333333333
1;84.721;26.963;3.215333333333333
;;;3.224
1;84.798;26.867;3.224
;;;3.232666666666667
1;84.812;26.864;3.232666666666667
;;;3.2413333333333334
1;84.768;26.943;3.2413333333333334
;;;3.25
1;84.684;27.104;3.25
;;;3.2586666666666666
1;84.651;27.174;3.2586666666666666
;;;3.267333333333333
1;84.685;27.102;3.267333333333333
1;84.685;27.077;3.276
;;;3.276
1;84.652;27.122;3.284666666666667
;;;3.284666666666667
1;84.67;27.099;3.2933333333333334
;;;3.2933333333333334
1;84.748;26.977;3.302
;;;3.302
1;84.77;26.934;3.3106666666666666
;;;3.3106666666666666
1;84.719;27.014;3.3193333333333332
;;;3.3193333333333332
1;84.715;27.03;3.328
;;;3.328
1;84.766;26.946;3.3366666666666664
;;;3.3366666666666664
;;;3.3453333333333335
1;84.76;26.933;3.3453333333333335
;;;3.354
1;84.69;27.017;3.354
1;84.641;27.021;3.3626666666666667
;;;3.3626666666666667
;;;3.3713333333333333
1;84.6;26.912;3.3713333333333333
;;;3.38
1;84.521;26.884;3.38
;;;3.3886666666666665
1;84.394;27.079;3.3886666666666665
0;62.429;7.013;3.3973333333333335
1;84.271;27.303;3.3973333333333335
0;65.975;7.508;3.406
1;84.217;27.354;3.406
1;84.204;27.306;3.4146666666666667
;;;3.4146666666666667
1;84.222;27.229;3.4233333333333333
;;;3.4233333333333333
1;84.285;27.103;3.432
;;;3.432
1;84.342;27.02;3.4406666666666665
0;83.487;4.591;3.4406666666666665
1;84.351;27.028;3.449333333333333
;;;3.449333333333333
1;84.342;27.048;3.458
;;;3.458
;;;3.466666666666667
1;84.331;27.058;3.466666666666667
;;;3.4753333333333334
1;84.315;27.062;3.4753333333333334
1;84.327;27.003;3.484
;;;3.484
;;;3.4926666666666666
1;84.409;26.846;3.4926666666666666
1;84.452;26.772;3.501333333333333
;;;3.501333333333333
1;84.367;26.956;3.51
;;;3.51
;;;3.518666666666667
1;84.28;27.152;3.518666666666667
1;84.281;27.158;3.5273333333333334
1;106.701;12.13;3.5273333333333334
1;106.684;12.879;3.536
1;84.289;27.118;3.536
;;;3.5446666666666666
1;84.256;27.185;3.5446666666666666
;;;3.5533333333333332
1;84.304;27.216;3.5533333333333332
1;84.452;27.087;3.562
;;;3.562
;;;3.570666666666667
1;84.547;26.919;3.570666666666667
1;84.514;26.95;3.5793333333333335
;;;3.5793333333333335
1;84.435;27.224;3.588
;;;3.588
1;84.396;27.443;3.5966666666666667
;;;3.5966666666666667
1;84.303;27.29;3.6053333333333333
;;;3.6053333333333333
;;;3.614
1;84.018;26.773;3.614
1;83.541;26.172;3.6226666666666665
;;;3.6226666666666665
;;;3.6313333333333335
;;;3.6313333333333335
;;;3.64
;;;3.64
;;;3.6486666666666667
;;;3.6486666666666667
;;;3.6573333333333333
;;;3.6573333333333333
;;;3.666
;;;3.666
;;;3.6746666666666665
;;;3.6746666666666665
;;;3.683333333333333
;;;3.683333333333333
;;;3.692
;;;3.692
;;;3.7006666666666668
;;;3.7006666666666668
;;;3.7093333333333334
;;;3.7093333333333334
;;;3.718
;;;3.718
;;;3.7266666666666666
;;;3.7266666666666666
;;;3.735333333333333
;;;3.735333333333333
;;;3.744
;;;3.744
;;;3.752666666666667
;;;3.752666666666667
;;;3.7613333333333334
;;;3.7613333333333334
;;;3.77
;;;3.77
;;;3.7786666666666666
;;;3.7786666666666666
;;;3.787333333333333
;;;3.787333333333333
;;;3.796
;;;3.796
;;;3.804666666666667
;;;3.804666666666667
;;;3.8133333333333335
;;;3.8133333333333335
;;;3.822
;;;3.822
;;;3.8306666666666667
;;;3.8306666666666667
;;;3.8393333333333333
;;;3.8393333333333333
;;;3.848
;;;3.848
;;;3.8566666666666665
;;;3.8566666666666665
;;;3.8653333333333335
;;;3.8653333333333335
;;;3.874
;;;3.874
;;;3.8826666666666667
;;;3.8826666666666667
;;;3.8913333333333333
;;;3.8913333333333333
;;;3.9
;;;3.9
;;;3.9086666666666665
;;;3.9086666666666665
;;;3.917333333333333
1;41.023;47.1;3.917333333333333
1;38.699;45.769;3.926
;;;3.926
;;;3.9346666666666668
;;;3.9346666666666668
;;;3.9433333333333334
;;;3.9433333333333334
0;104.773;0.763;3.952
;;;3.952
0;104.894;0.519;3.9606666666666666
1;40.304;39.435;3.9606666666666666
0;105.092;0.129;3.969333333333333
1;40.711;38.639;3.969333333333333
;;;3.978
;;;3.978
;;;3.986666666666667
;;;3.986666666666667
;;;3.9953333333333334
;;;3.9953333333333334
;;;4.004
;;;4.004
;;;4.012666666666667
;;;4.012666666666667
;;;4.021333333333334
;;;4.021333333333334
;;;4.03
;;;4.03
;;;4.038666666666667
;;;4.038666666666667
;;;4.0473333333333334
;;;4.0473333333333334
;;;4.056
;;;4.056
;;;4.064666666666667
;;;4.064666666666667
1;79.449;67.2;4.073333333333333
;;;4.073333333333333
;;;4.082
1;79.741;66.952;4.082
;;;4.0906666666666665
1;79.904;66.941;4.0906666666666665
;;;4.099333333333333
;;;4.099333333333333
;;;4.108
;;;4.108
;;;4.116666666666666
;;;4.116666666666666
1;74.217;58.8;4.125333333333334
;;;4.125333333333334
;;;4.134
;;;4.134
;;;4.142666666666667
;;;4.142666666666667
;;;4.1513333333333335
;;;4.1513333333333335
1;59.788;40.016;4.16
;;;4.16
1;102.977;46.06;4.168666666666667
;;;4.168666666666667
;;;4.177333333333333
;;;4.177333333333333
;;;4.186
;;;4.186
;;;4.1946666666666665
;;;4.1946666666666665
;;;4.203333333333333
;;;4.203333333333333
;;;4.212
;;;4.212
;;;4.220666666666666
;;;4.220666666666666
;;;4.229333333333333
1;65.776;20.246;4.229333333333333
;;;4.238
;;;4.238
;;;4.246666666666667
;;;4.246666666666667
;;;4.255333333333334
;;;4.255333333333334
1;61.582;32.044;4.264
;;;4.264
;;;4.272666666666667
;;;4.272666666666667
;;;4.281333333333333
;;;4.281333333333333
;;;4.29
;;;4.29
;;;4.298666666666667
;;;4.298666666666667
;;;4.307333333333333
;;;4.307333333333333
;;;4.316
;;;4.316
;;;4.324666666666666
1;85.178;65.485;4.324666666666666
;;;4.333333333333333
1;86.478;64.132;4.333333333333333
;;;4.342
1;87.825;63.008;4.342
;;;4.350666666666666
1;89.209;62.045;4.350666666666666
;;;4.359333333333334
1;90.493;61.084;4.359333333333334
;;;4.368
1;91.047;60.103;4.368
;;;4.376666666666667
1;90.338;58.981;4.376666666666667
;;;4.3853333333333335
1;88.987;57.516;4.3853333333333335
1;87.64;55.683;4.394
;;;4.394
;;;4.402666666666667
;;;4.402666666666667
;;;4.411333333333333
;;;4.411333333333333
;;;4.42
;;;4.42
;;;4.4286666666666665
;;;4.4286666666666665
;;;4.437333333333333
;;;4.437333333333333
;;;4.446
;;;4.446
;;;4.454666666666666
;;;4.454666666666666
;;;4.463333333333333
;;;4.463333333333333
;;;4.472
;;;4.472
;;;4.480666666666667
;;;4.480666666666667
;;;4.489333333333334
;;;4.489333333333334
;;;4.498
;;;4.498
;;;4.506666666666667
;;;4.506666666666667
;;;4.515333333333333
;;;4.515333333333333
;;;4.524
;;;4.524
;;;4.532666666666667
;;;4.532666666666667
;;;4.541333333333333
;;;4.541333333333333
;;;4.55
;;;4.55
;;;4.558666666666666
;;;4.558666666666666
;;;4.567333333333333
;;;4.567333333333333
;;;4.576
;;;4.576
;;;4.584666666666666
;;;4.584666666666666
;;;4.593333333333334
;;;4.593333333333334
;;;4.602
;;;4.602
;;;4.610666666666667
;;;4.610666666666667
;;;4.6193333333333335
;;;4.6193333333333335
;;;4.628
;;;4.628
;;;4.636666666666667
;;;4.636666666666667
;;;4.645333333333333
;;;4.645333333333333
1;67.208;-1.542;4.654
;;;4.654
;;;4.6626666666666665
;;;4.6626666666666665
;;;4.671333333333333
;;;4.671333333333333
;;;4.68
;;;4.68
;;;4.688666666666666
;;;4.688666666666666
;;;4.697333333333333
;;;4.697333333333333
;;;4.706
;;;4.706
;;;4.714666666666667
;;;4.714666666666667
;;;4.723333333333334
;;;4.723333333333334
;;;4.732
;;;4.732
;;;4.740666666666667
;;;4.740666666666667
;;;4.749333333333333
;;;4.749333333333333
;;;4.758
;;;4.758
;;;4.766666666666667
;;;4.766666666666667
;;;4.775333333333333
;;;4.775333333333333
;;;4.784
;;;4.784
;;;4.792666666666666
0;56.934;0.93;4.792666666666666
0;57.61;0.956;4.801333333333333
;;;4.801333333333333
0;58.217;0.972;4.81
;;;4.81
0;58.781;1.013;4.818666666666667
;;;4.818666666666667
0;59.343;0.841;4.827333333333334
;;;4.827333333333334
0;59.906;0.377;4.836
;;;4.836
;;;4.844666666666667
0;60.341;0.121;4.844666666666667
;;;4.8533333333333335
0;60.69;0.133;4.8533333333333335
0;61.149;-0.413;4.862
;;;4.862
0;61.649;-1.247;4.870666666666667
;;;4.870666666666667
;;;4.879333333333333
;;;4.879333333333333
;;;4.888
;;;4.888
;;;4.8966666666666665
1;31.297;68.065;4.8966666666666665
1;31.821;67.965;4.905333333333333
;;;4.905333333333333
;;;4.914
;;;4.914
;;;4.922666666666666
;;;4.922666666666666
;;;4.931333333333333
;;;4.931333333333333
;;;4.94
;;;4.94
;;;4.948666666666667
;;;4.948666666666667
;;;4.957333333333334
;;;4.957333333333334
;;;4.966
;;;4.966
;;;4.974666666666667
;;;4.974666666666667
;;;4.983333333333333
;;;4.983333333333333
;;;4.992
;;;4.992
;;;5.000666666666667
;;;5.000666666666667
;;;5.009333333333333
;;;5.009333333333333
;;;5.018
;;;5.018
;;;5.026666666666666
;;;5.026666666666666
1;33.284;9.979;5.035333333333333
;;;5.035333333333333
1;37.456;61.216;5.044
1;33.712;12.168;5.044
1;34.558;14.166;5.052666666666667
;;;5.052666666666667
;;;5.061333333333334
;;;5.061333333333334
;;;5.07
;;;5.07
;;;5.078666666666667
;;;5.078666666666667
;;;5.0873333333333335
;;;5.0873333333333335
;;;5.096
;;;5.096
;;;5.104666666666667
1;51.487;66.032;5.104666666666667
;;;5.113333333333333
;;;5.113333333333333
1;34.938;58.815;5.122
;;;5.122
1;33.474;58.157;5.1306666666666665
;;;5.1306666666666665
1;31.858;57.843;5.139333333333333
;;;5.139333333333333
;;;5.148
1;30.472;57.864;5.148
;;;5.156666666666666
1;29.665;57.769;5.156666666666666
1;29.665;57.373;5.165333333333334
;;;5.165333333333334
;;;5.174
;;;5.174
;;;5.182666666666667
;;;5.182666666666667
;;;5.191333333333334
;;;5.191333333333334
;;;5.2
;;;5.2
;;;5.208666666666667
;;;5.208666666666667
;;;5.217333333333333
;;;5.217333333333333
;;;5.226
;;;5.226
;;;5.234666666666667
;;;5.234666666666667
;;;5.243333333333333
;;;5.243333333333333
;;;5.252
;;;5.252
1;89.988;40.196;5.260666666666666
;;;5.260666666666666
1;92.235;41.255;5.269333333333333
;;;5.269333333333333
1;93.96;42.008;5.278
;;;5.278
;;;5.286666666666667
1;94.965;42.34;5.286666666666667
;;;5.295333333333334
;;;5.295333333333334
;;;5.304
;;;5.304
;;;5.312666666666667
;;;5.312666666666667
;;;5.3213333333333335
;;;5.3213333333333335
;;;5.33
1;52.786;39.024;5.33
;;;5.338666666666667
;;;5.338666666666667
;;;5.347333333333333
;;;5.347333333333333
;;;5.356
;;;5.356
;;;5.3646666666666665
;;;5.3646666666666665
;;;5.373333333333333
;;;5.373333333333333
;;;5.382
;;;5.382
;;;5.390666666666666
;;;5.390666666666666
;;;5.399333333333334
1;57.317;51.485;5.399333333333334
1;56.298;52.603;5.408
;;;5.408
;;;5.416666666666667
;;;5.416666666666667
;;;5.425333333333334
;;;5.425333333333334
;;;5.434
;;;5.434
;;;5.442666666666667
;;;5.442666666666667
;;;5.451333333333333
;;;5.451333333333333
;;;5.46
;;;5.46
;;;5.468666666666667
;;;5.468666666666667
;;;5.477333333333333
;;;5.477333333333333
1;18.224;62.555;5.486
;;;5.486
1;17.783;63.617;5.494666666666666
;;;5.494666666666666
;;;5.503333333333333
1;18.455;64.286;5.503333333333333
;;;5.512
1;20.087;64.217;5.512
1;22.256;64.114;5.520666666666667
;;;5.520666666666667
;;;5.529333333333334
;;;5.529333333333334
;;;5.538
;;;5.538
;;;5.546666666666667
;;;5.546666666666667
;;;5.5553333333333335
;;;5.5553333333333335
;;;5.564
;;;5.564
;;;5.572666666666667
;;;5.572666666666667
;;;5.581333333333333
1;23.922;69.656;5.581333333333333
;;;5.59
1;23.697;69.31;5.59
;;;5.5986666666666665
1;23.592;68.749;5.5986666666666665
;;;5.607333333333333
1;23.872;68.174;5.607333333333333
;;;5.616
;;;5.616
;;;5.624666666666666
;;;5.624666666666666
;;;5.633333333333334
;;;5.633333333333334
;;;5.642
;;;5.642
;;;5.650666666666667
;;;5.650666666666667
;;;5.6593333333333335
0;14.828;58.603;5.6593333333333335
1;67.388;68.684;5.668
;;;5.668
1;67.914;68.535;5.676666666666667
;;;5.676666666666667
;;;5.685333333333333
1;68.233;68.49;5.685333333333333
;;;5.694
1;68.211;68.536;5.694
;;;5.7026666666666666
1;68.022;68.585;5.7026666666666666
;;;5.711333333333333
;;;5.711333333333333
;;;5.72
;;;5.72
;;;5.728666666666666
;;;5.728666666666666
;;;5.737333333333333
1;54.759;62.143;5.737333333333333
;;;5.746
1;54.421;60.257;5.746
;;;5.754666666666667
;;;5.754666666666667
;;;5.763333333333334
;;;5.763333333333334
;;;5.772
;;;5.772
1;52.595;47.895;5.780666666666667
;;;5.780666666666667
1;53.621;46.429;5.789333333333333
;;;5.789333333333333
;;;5.798
1;54.136;45.6;5.798
1;54.327;45.809;5.806666666666667
;;;5.806666666666667
;;;5.815333333333333
1;55.073;45.994;5.815333333333333
;;;5.824
1;56.585;44.946;5.824
1;58.35;42.896;5.832666666666666
;;;5.832666666666666
;;;5.841333333333333
1;59.917;40.931;5.841333333333333
;;;5.85
;;;5.85
;;;5.858666666666666
;;;5.858666666666666
;;;5.867333333333334
;;;5.867333333333334
;;;5.876
;;;5.876
;;;5.884666666666667
;;;5.884666666666667
;;;5.8933333333333335
;;;5.8933333333333335
;;;5.902
1;59.88;18.994;5.902
1;60.21;20.41;5.910666666666667
;;;5.910666666666667
1;60.959;22.75;5.919333333333333
;;;5.919333333333333
;;;5.928
;;;5.928
;;;5.9366666666666665
;;;5.9366666666666665
;;;5.945333333333333
;;;5.945333333333333
;;;5.954
;;;5.954
;;;5.962666666666666
;;;5.962666666666666
;;;5.971333333333333
;;;5.971333333333333
;;;5.98
;;;5.98
;;;5.988666666666667
;;;5.988666666666667
;;;5.997333333333334
;;;5.997333333333334
;;;6.006
;;;6.006
0;42.406;68.178;6.014666666666667
;;;6.014666666666667
0;42.96;68.534;6.023333333333333
;;;6.023333333333333
0;43.563;68.831;6.032
;;;6.032
;;;6.040666666666667
0;44.158;69.014;6.040666666666667
;;;6.049333333333333
0;44.684;69.041;6.049333333333333
0;45.102;68.949;6.058
;;;6.058
;;;6.066666666666666
;;;6.066666666666666
;;;6.075333333333333
;;;6.075333333333333
;;;6.084
;;;6.084
;;;6.092666666666666
;;;6.092666666666666
;;;6.101333333333334
;;;6.101333333333334
;;;6.11
0;45.537;68.559;6.11
;;;6.118666666666667
0;45.55;68.565;6.118666666666667
;;;6.1273333333333335
0;45.554;68.562;6.1273333333333335
;;;6.136
0;45.537;68.57;6.136
;;;6.144666666666667
0;45.521;68.591;6.144666666666667
0;45.521;68.601;6.153333333333333
;;;6.153333333333333
;;;6.162
0;45.529;68.589;6.162
;;;6.1706666666666665
0;45.532;68.569;6.1706666666666665
0;45.553;68.556;6.179333333333333
;;;6.179333333333333
0;45.623;68.541;6.188
;;;6.188
;;;6.196666666666666
0;45.709;68.55;6.196666666666666
;;;6.205333333333333
0;45.741;68.624;6.205333333333333
0;45.749;68.706;6.214
;;;6.214
;;;6.222666666666667
0;45.826;68.726;6.222666666666667
0;45.967;68.703;6.231333333333334
;;;6.231333333333334
0;46.121;68.64;6.24
;;;6.24
;;;6.248666666666667
0;46.281;68.571;6.248666666666667
0;46.408;68.561;6.257333333333333
;;;6.257333333333333
0;46.474;68.585;6.266
;;;6.266
;;;6.274666666666667
0;46.483;68.588;6.274666666666667
;;;6.283333333333333
;;;6.283333333333333
;;;6.292
;;;6.292
;;;6.300666666666666
;;;6.300666666666666
;;;6.309333333333333
;;;6.309333333333333
;;;6.318
;;;6.318
;;;6.326666666666667
;;;6.326666666666667
;;;6.335333333333334
;;;6.335333333333334
;;;6.344
;;;6.344
;;;6.352666666666667
;;;6.352666666666667
;;;6.3613333333333335
;;;6.3613333333333335
;;;6.37
;;;6.37
;;;6.378666666666667
;;;6.378666666666667
;;;6.387333333333333
;;;6.387333333333333
;;;6.396
;;;6.396
;;;6.4046666666666665
;;;6.4046666666666665
;;;6.413333333333333
;;;6.413333333333333
;;;6.422
;;;6.422
;;;6.430666666666666
;;;6.430666666666666
;;;6.439333333333333
0;52.145;53.607;6.439333333333333
;;;6.448
0;51.526;55.419;6.448
;;;6.456666666666667
0;50.986;56.687;6.456666666666667
;;;6.465333333333334
;;;6.465333333333334
;;;6.474
;;;6.474
;;;6.482666666666667
;;;6.482666666666667
;;;6.491333333333333
1;44.926;65.402;6.491333333333333
;;;6.5
1;44.574;67.016;6.5
1;44.336;67.982;6.508666666666667
;;;6.508666666666667
1;93.315;0.988;6.517333333333333
1;43.926;68.561;6.517333333333333
1;93.239;0.749;6.526
1;43.313;68.998;6.526
1;42.528;69.271;6.534666666666666
1;93.157;0.94;6.534666666666666
0;42.809;67.158;6.543333333333333
1;92.899;1.371;6.543333333333333
;;;6.552
;;;6.552
;;;6.560666666666667
;;;6.560666666666667
;;;6.569333333333334
;;;6.569333333333334
;;;6.578
;;;6.578
;;;6.586666666666667
;;;6.586666666666667
;;;6.5953333333333335
;;;6.5953333333333335
;;;6.604
;;;6.604
;;;6.612666666666667
;;;6.612666666666667
;;;6.621333333333333
;;;6.621333333333333
1;44.262;68.367;6.63
;;;6.63
1;44.379;68.641;6.6386666666666665
;;;6.6386666666666665
1;44.523;68.735;6.647333333333333
;;;6.647333333333333
1;44.483;68.756;6.656
;;;6.656
;;;6.664666666666666
1;44.289;68.798;6.664666666666666
;;;6.673333333333333
1;44.049;68.778;6.673333333333333
;;;6.682
1;43.77;68.639;6.682
;;;6.690666666666667
1;43.45;68.498;6.690666666666667
;;;6.699333333333334
1;43.135;68.463;6.699333333333334
;;;6.708
1;42.904;68.486;6.708
;;;6.716666666666667
1;42.801;68.518;6.716666666666667
;;;6.725333333333333
1;42.745;68.563;6.725333333333333
;;;6.734
1;42.727;68.582;6.734
1;42.791;68.561;6.742666666666667
;;;6.742666666666667
1;42.921;68.543;6.751333333333333
;;;6.751333333333333
1;43.093;68.55;6.76
0;66.76;15.637;6.76
1;43.222;68.569;6.768666666666666
0;65.059;14.569;6.768666666666666
;;;6.777333333333333
;;;6.777333333333333
;;;6.786
;;;6.786
;;;6.794666666666667
;;;6.794666666666667
;;;6.803333333333334
;;;6.803333333333334
0;47.691;15.527;6.812
1;25.018;67.714;6.812
0;44.324;13.822;6.820666666666667
1;25.356;67.852;6.820666666666667
0;41.757;12.519;6.8293333333333335
1;26.429;66.888;6.8293333333333335
0;40.786;11.537;6.838
1;27.6;65.376;6.838
;;;6.846666666666667
1;28.33;64.249;6.846666666666667
;;;6.855333333333333
1;28.521;64.036;6.855333333333333
1;28.445;64.264;6.864
;;;6.864
0;47.283;4.878;6.8726666666666665
1;28.335;64.391;6.8726666666666665
1;28.27;64.378;6.881333333333333
;;;6.881333333333333
1;28.255;64.383;6.89
;;;6.89
1;28.22;64.44;6.898666666666666
;;;6.898666666666666
1;28.104;64.487;6.907333333333334
0;61.15;7.394;6.907333333333334
1;27.95;64.552;6.916
;;;6.916
;;;6.924666666666667
1;27.828;64.7;6.924666666666667
;;;6.933333333333334
1;27.864;64.891;6.933333333333334
0;57.239;23.274;6.942
1;28.132;65.024;6.942
0;58.649;24.122;6.950666666666667
1;28.465;65.084;6.950666666666667
0;59.664;25.673;6.959333333333333
1;28.538;65.176;6.959333333333333
1;28.283;65.326;6.968
;;;6.968
;;;6.976666666666667
1;27.922;65.373;6.976666666666667
1;27.587;65.247;6.985333333333333
;;;6.985333333333333
;;;6.994
1;27.254;65.024;6.994
1;26.989;64.892;7.002666666666666
0;65.248;46.189;7.002666666666666
;;;7.011333333333333
1;26.884;64.914;7.011333333333333
1;26.899;65.008;7.02
;;;7.02
;;;7.028666666666667
1;26.919;65.082;7.028666666666667
1;26.906;65.079;7.037333333333334
0;62.288;60.541;7.037333333333334
1;26.892;65.048;7.046
;;;7.046
1;26.891;65.04;7.054666666666667
;;;7.054666666666667
;;;7.0633333333333335
1;26.893;65.046;7.0633333333333335
1;26.907;65.046;7.072
;;;7.072
;;;7.080666666666667
1;26.912;65.035;7.080666666666667
1;26.878;65.018;7.089333333333333
0;62.41;34.872;7.089333333333333
1;26.847;65.036;7.098
;;;7.098
;;;7.1066666666666665
1;26.862;65.109;7.1066666666666665
;;;7.115333333333333
1;26.881;65.152;7.115333333333333
;;;7.124
1;26.878;65.146;7.124
;;;7.132666666666666
1;26.864;65.132;7.132666666666666
1;26.852;65.137;7.141333333333334
;;;7.141333333333334
0;36.617;1.167;7.15
1;26.844;65.188;7.15
0;36.992;2.787;7.158666666666667
1;26.863;65.269;7.158666666666667
0;37.753;4.519;7.167333333333334
1;26.899;65.316;7.167333333333334
0;38.08;5.622;7.176
1;26.912;65.315;7.176
1;26.913;65.304;7.184666666666667
0;37.865;6.366;7.184666666666667
;;;7.193333333333333
1;26.926;65.287;7.193333333333333
1;26.967;65.219;7.202
;;;7.202
;;;7.210666666666667
1;27.034;65.153;7.210666666666667
;;;7.219333333333333
1;27.082;65.133;7.219333333333333
1;27.077;65.138;7.228
;;;7.228
1;27.021;65.136;7.236666666666666
0;16.94;7.36;7.236666666666666
0;12.974;8.426;7.245333333333333
1;26.956;65.12;7.245333333333333
1;26.93;65.11;7.254
0;9.649;9.96;7.254
1;26.933;65.11;7.262666666666667
0;6.691;11.097;7.262666666666667
1;5.065;14.685;7.271333333333334
1;26.939;65.111;7.271333333333334
;;;7.28
1;26.941;65.11;7.28
1;26.945;65.108;7.288666666666667
;;;7.288666666666667
1;26.947;65.107;7.2973333333333334
;;;7.2973333333333334
;;;7.306
1;26.943;65.112;7.306
;;;7.314666666666667
1;26.941;65.117;7.314666666666667
;;;7.323333333333333
1;26.942;65.105;7.323333333333333
;;;7.332
1;26.935;65.078;7.332
1;26.909;65.16;7.3406666666666665
;;;7.3406666666666665
;;;7.349333333333333
1;26.874;65.536;7.349333333333333
1;26.812;66.189;7.358
;;;7.358
;;;7.366666666666666
;;;7.366666666666666
;;;7.375333333333334
;;;7.375333333333334
;;;7.384
;;;7.384
;;;7.392666666666667
;;;7.392666666666667
;;;7.4013333333333335
;;;7.4013333333333335
;;;7.41
;;;7.41
;;;7.418666666666667
;;;7.418666666666667
;;;7.427333333333333
;;;7.427333333333333
;;;7.436
;;;7.436
;;;7.4446666666666665
;;;7.4446666666666665
;;;7.453333333333333
;;;7.453333333333333
;;;7.462
;;;7.462
;;;7.470666666666666
;;;7.470666666666666
;;;7.479333333333333
;;;7.479333333333333
;;;7.488
;;;7.488
;;;7.496666666666667
;;;7.496666666666667
;;;7.505333333333334
;;;7.505333333333334
;;;7.514
;;;7.514
;;;7.522666666666667
;;;7.522666666666667
;;;7.531333333333333
;;;7.531333333333333
;;;7.54
1;10.258;30.125;7.54
;;;7.548666666666667
1;11.706;30.181;7.548666666666667
;;;7.557333333333333
;;;7.557333333333333
;;;7.566
;;;7.566
;;;7.574666666666666
;;;7.574666666666666
;;;7.583333333333333
;;;7.583333333333333
;;;7.592
;;;7.592
;;;7.600666666666666
;;;7.600666666666666
;;;7.609333333333334
;;;7.609333333333334
;;;7.618
;;;7.618
;;;7.626666666666667
;;;7.626666666666667
0;31.42;-0.31;7.6353333333333335
;;;7.6353333333333335
;;;7.644
0;31.309;-0.371;7.644
0;16.271;25.914;7.652666666666667
0;31.263;-0.261;7.652666666666667
;;;7.661333333333333
0;31.27;-0.462;7.661333333333333
0;31.299;-1.073;7.67
;;;7.67
;;;7.6786666666666665
0;31.352;-1.431;7.6786666666666665
;;;7.687333333333333
;;;7.687333333333333
;;;7.696
;;;7.696
;;;7.704666666666666
;;;7.704666666666666
;;;7.713333333333333
;;;7.713333333333333
;;;7.722
;;;7.722
;;;7.730666666666667
;;;7.730666666666667
;;;7.739333333333334
;;;7.739333333333334
;;;7.748
0;25.267;57.551;7.748
0;34.899;11.143;7.756666666666667
;;;7.756666666666667
;;;7.765333333333333
;;;7.765333333333333
;;;7.774
;;;7.774
;;;7.782666666666667
0;20.335;46.905;7.782666666666667
;;;7.791333333333333
;;;7.791333333333333
;;;7.8
;;;7.8
;;;7.808666666666666
;;;7.808666666666666
0;27.727;30.178;7.817333333333333
;;;7.817333333333333
;;;7.826
;;;7.826
;;;7.834666666666666
;;;7.834666666666666
;;;7.843333333333334
;;;7.843333333333334
;;;7.852
;;;7.852
;;;7.860666666666667
;;;7.860666666666667
0;33.945;14.826;7.8693333333333335
;;;7.8693333333333335
;;;7.878
;;;7.878
;;;7.886666666666667
;;;7.886666666666667
;;;7.895333333333333
;;;7.895333333333333
0;36.913;24.144;7.904
;;;7.904
;;;7.9126666666666665
0;35.887;25.483;7.9126666666666665
;;;7.921333333333333
0;35.554;27.429;7.921333333333333
;;;7.93
;;;7.93
;;;7.938666666666666
;;;7.938666666666666
;;;7.947333333333333
;;;7.947333333333333
;;;7.956
;;;7.956
;;;7.964666666666667
;;;7.964666666666667
;;;7.973333333333334
;;;7.973333333333334
;;;7.982
;;;7.982
;;;7.990666666666667
;;;7.990666666666667
;;;7.999333333333333
;;;7.999333333333333
;;;8.008
;;;8.008
;;;8.016666666666667
;;;8.016666666666667
;;;8.025333333333334
;;;8.025333333333334
0;84.902;61.178;8.034
;;;8.034
0;85.702;61.06;8.042666666666667
;;;8.042666666666667
0;85.698;61.017;8.051333333333334
;;;8.051333333333334
0;86.029;61.674;8.06
;;;8.06
;;;8.068666666666667
;;;8.068666666666667
;;;8.077333333333334
;;;8.077333333333334
;;;8.086
;;;8.086
1;15.249;30.349;8.094666666666667
;;;8.094666666666667
1;15.081;30.323;8.103333333333333
1;99.233;64.01;8.103333333333333
1;100.363;62.717;8.112
1;14.435;30.389;8.112
1;99.684;62.757;8.120666666666667
;;;8.120666666666667
1;98.426;63.748;8.129333333333333
;;;8.129333333333333
1;97.864;64.641;8.138
;;;8.138
;;;8.146666666666667
;;;8.146666666666667
;;;8.155333333333333
;;;8.155333333333333
;;;8.164
;;;8.164
;;;8.172666666666666
;;;8.172666666666666
;;;8.181333333333333
;;;8.181333333333333
;;;8.19
;;;8.19
;;;8.198666666666666
;;;8.198666666666666
;;;8.207333333333333
1;15.126;29.659;8.207333333333333
;;;8.216
1;15.327;29.444;8.216
1;15.468;29.559;8.224666666666666
;;;8.224666666666666
;;;8.233333333333333
1;15.795;30.094;8.233333333333333
;;;8.242
;;;8.242
;;;8.250666666666667
;;;8.250666666666667
;;;8.259333333333334
;;;8.259333333333334
0;72.283;38.568;8.268
;;;8.268
0;70.611;36.327;8.276666666666667
1;38.4;18.384;8.276666666666667
1;36.752;19.39;8.285333333333334
0;68.949;34.667;8.285333333333334
;;;8.294
1;35.142;21.465;8.294
;;;8.302666666666667
;;;8.302666666666667
;;;8.311333333333334
;;;8.311333333333334
;;;8.32
1;31.369;33.091;8.32
;;;8.328666666666667
;;;8.328666666666667
;;;8.337333333333333
;;;8.337333333333333
;;;8.346
;;;8.346
;;;8.354666666666667
;;;8.354666666666667
;;;8.363333333333333
0;51.761;49.777;8.363333333333333
;;;8.372
1;52.815;51.577;8.372
;;;8.380666666666666
;;;8.380666666666666
;;;8.389333333333333
0;35.203;23.112;8.389333333333333
;;;8.398
;;;8.398
;;;8.406666666666666
;;;8.406666666666666
;;;8.415333333333333
;;;8.415333333333333
;;;8.424
;;;8.424
;;;8.432666666666666
1;79.492;61.412;8.432666666666666
1;83.549;60.718;8.441333333333333
0;47.218;19.391;8.441333333333333
;;;8.45
0;47.16;19.598;8.45
;;;8.458666666666666
0;46.797;20.356;8.458666666666666
;;;8.467333333333332
;;;8.467333333333332
;;;8.476
;;;8.476
;;;8.484666666666667
;;;8.484666666666667
;;;8.493333333333334
;;;8.493333333333334
;;;8.502
;;;8.502
;;;8.510666666666667
0;42.509;45.032;8.510666666666667
;;;8.519333333333334
;;;8.519333333333334
;;;8.528
;;;8.528
;;;8.536666666666667
;;;8.536666666666667
;;;8.545333333333334
;;;8.545333333333334
;;;8.554
0;56.566;50.471;8.554
;;;8.562666666666667
;;;8.562666666666667
;;;8.571333333333333
;;;8.571333333333333
;;;8.58
;;;8.58
0;57.439;44.58;8.588666666666667
;;;8.588666666666667
;;;8.597333333333333
;;;8.597333333333333
;;;8.606
;;;8.606
;;;8.614666666666666
;;;8.614666666666666
;;;8.623333333333333
;;;8.623333333333333
;;;8.632
;;;8.632
;;;8.640666666666666
;;;8.640666666666666
;;;8.649333333333333
;;;8.649333333333333
;;;8.658
;;;8.658
;;;8.666666666666666
;;;8.666666666666666
;;;8.675333333333333
0;90.112;60.881;8.675333333333333
0;91.23;59.003;8.684
;;;8.684
;;;8.692666666666666
;;;8.692666666666666
;;;8.701333333333332
;;;8.701333333333332
;;;8.71
;;;8.71
;;;8.718666666666667
;;;8.718666666666667
;;;8.727333333333334
;;;8.727333333333334
;;;8.736
;;;8.736
;;;8.744666666666667
;;;8.744666666666667
;;;8.753333333333334
;;;8.753333333333334
;;;8.762
;;;8.762
;;;8.770666666666667
;;;8.770666666666667
;;;8.779333333333334
;;;8.779333333333334
;;;8.788
;;;8.788
;;;8.796666666666667
;;;8.796666666666667
;;;8.805333333333333
;;;8.805333333333333
;;;8.814
;;;8.814
;;;8.822666666666667
;;;8.822666666666667
;;;8.831333333333333
;;;8.831333333333333
;;;8.84
;;;8.84
;;;8.848666666666666
;;;8.848666666666666
;;;8.857333333333333
;;;8.857333333333333
;;;8.866
;;;8.866
;;;8.874666666666666
;;;8.874666666666666
;;;8.883333333333333
;;;8.883333333333333
;;;8.892
1;94.026;42.997;8.892
1;93.492;44.644;8.900666666666666
;;;8.900666666666666
;;;8.909333333333333
;;;8.909333333333333
;;;8.918
;;;8.918
;;;8.926666666666666
;;;8.926666666666666
;;;8.935333333333332
;;;8.935333333333332
;;;8.944
;;;8.944
;;;8.952666666666667
;;;8.952666666666667
;;;8.961333333333334
;;;8.961333333333334
;;;8.97
;;;8.97
;;;8.978666666666667
;;;8.978666666666667
;;;8.987333333333334
;;;8.987333333333334
;;;8.996
;;;8.996
;;;9.004666666666667
;;;9.004666666666667
;;;9.013333333333334
;;;9.013333333333334
;;;9.022
;;;9.022
;;;9.030666666666667
;;;9.030666666666667
;;;9.039333333333333
;;;9.039333333333333
;;;9.048
;;;9.048
;;;9.056666666666667
;;;9.056666666666667
;;;9.065333333333333
;;;9.065333333333333
;;;9.074
;;;9.074
;;;9.082666666666666
;;;9.082666666666666
;;;9.091333333333333
;;;9.091333333333333
;;;9.1
;;;9.1
;;;9.108666666666666
;;;9.108666666666666
;;;9.117333333333333
;;;9.117333333333333
;;;9.126
;;;9.126
;;;9.134666666666666
;;;9.134666666666666
;;;9.143333333333333
;;;9.143333333333333
;;;9.152
;;;9.152
;;;9.160666666666666
;;;9.160666666666666
;;;9.169333333333332
;;;9.169333333333332
;;;9.178
;;;9.178
;;;9.186666666666667
;;;9.186666666666667
;;;9.195333333333334
;;;9.195333333333334
;;;9.204
;;;9.204
;;;9.212666666666667
;;;9.212666666666667
;;;9.221333333333334
;;;9.221333333333334
;;;9.23
;;;9.23
;;;9.238666666666667
;;;9.238666666666667
;;;9.247333333333334
;;;9.247333333333334
;;;9.256
;;;9.256
;;;9.264666666666667
;;;9.264666666666667
;;;9.273333333333333
0;63.863;3.594;9.273333333333333
0;64.666;4.277;9.282
;;;9.282
;;;9.290666666666667
;;;9.290666666666667
;;;9.299333333333333
;;;9.299333333333333
;;;9.308
;;;9.308
0;57.697;11.616;9.316666666666666
;;;9.316666666666666
0;56.743;13.386;9.325333333333333
;;;9.325333333333333
;;;9.334
;;;9.334
0;93.714;30.093;9.342666666666666
;;;9.342666666666666
;;;9.351333333333333
;;;9.351333333333333
;;;9.36
;;;9.36
;;;9.368666666666666
;;;9.368666666666666
;;;9.377333333333333
;;;9.377333333333333
;;;9.386
;;;9.386
;;;9.394666666666666
;;;9.394666666666666
;;;9.403333333333334
;;;9.403333333333334
;;;9.412
;;;9.412
;;;9.420666666666667
0;72.207;55.289;9.420666666666667
;;;9.429333333333334
;;;9.429333333333334
;;;9.438
;;;9.438
0;92.152;26.681;9.446666666666667
;;;9.446666666666667
;;;9.455333333333334
0;91.392;26.478;9.455333333333334
;;;9.464
;;;9.464
;;;9.472666666666667
0;56.29;55.361;9.472666666666667
0;56.436;55.047;9.481333333333334
;;;9.481333333333334
0;89.314;31.9;9.49
;;;9.49
;;;9.498666666666667
;;;9.498666666666667
;;;9.507333333333333
;;;9.507333333333333
;;;9.516
;;;9.516
;;;9.524666666666667
;;;9.524666666666667
;;;9.533333333333333
0;82.631;12.236;9.533333333333333
0;80.927;11.313;9.542
;;;9.542
0;45.258;26.158;9.550666666666666
0;78.525;11.16;9.550666666666666
;;;9.559333333333333
0;45.996;24.945;9.559333333333333
0;46.211;24.684;9.568
;;;9.568
;;;9.576666666666666
0;45.963;25.033;9.576666666666666
;;;9.585333333333333
;;;9.585333333333333
;;;9.594
;;;9.594
;;;9.602666666666666
;;;9.602666666666666
0;49.24;4.412;9.611333333333333
0;50.548;44.086;9.611333333333333
0;50.067;4.665;9.62
0;50.552;46.146;9.62
;;;9.628666666666666
0;50.615;4.423;9.628666666666666
;;;9.637333333333334
;;;9.637333333333334
;;;9.646
;;;9.646
;;;9.654666666666667
;;;9.654666666666667
;;;9.663333333333334
;;;9.663333333333334
;;;9.672
0;76.437;48.77;9.672
;;;9.680666666666667
;;;9.680666666666667
;;;9.689333333333334
;;;9.689333333333334
;;;9.698
;;;9.698
;;;9.706666666666667
;;;9.706666666666667
;;;9.715333333333334
1;33.305;14.77;9.715333333333334
1;32.789;15.809;9.724
;;;9.724
1;32.458;16.995;9.732666666666667
;;;9.732666666666667
;;;9.741333333333333
;;;9.741333333333333
;;;9.75
;;;9.75
;;;9.758666666666667
;;;9.758666666666667
;;;9.767333333333333
;;;9.767333333333333
;;;9.776
;;;9.776
;;;9.784666666666666
;;;9.784666666666666
;;;9.793333333333333
;;;9.793333333333333
;;;9.802
;;;9.802
;;;9.810666666666666
;;;9.810666666666666
;;;9.819333333333333
;;;9.819333333333333
;;;9.828
;;;9.828
;;;9.836666666666666
;;;9.836666666666666
1;74.316;66.932;9.845333333333333
;;;9.845333333333333
;;;9.854
;;;9.854
;;;9.862666666666666
;;;9.862666666666666
;;;9.871333333333334
;;;9.871333333333334
;;;9.88
;;;9.88
;;;9.888666666666667
;;;9.888666666666667
;;;9.897333333333334
;;;9.897333333333334
;;;9.906
;;;9.906
;;;9.914666666666667
;;;9.914666666666667
;;;9.923333333333334
;;;9.923333333333334
;;;9.932
;;;9.932
;;;9.940666666666667
;;;9.940666666666667
;;;9.949333333333334
;;;9.949333333333334
;;;9.958
;;;9.958
;;;9.966666666666667
;;;9.966666666666667
;;;9.975333333333333
;;;9.975333333333333
;;;9.984
;;;9.984
;;;9.992666666666667
;;;9.992666666666667
;;;10.001333333333333
;;;10.001333333333333
1;61.117;66.622;10.01
;;;10.01
;;;10.018666666666666
;;;10.018666666666666
;;;10.027333333333333
;;;10.027333333333333
;;;10.036
;;;10.036
;;;10.044666666666666
;;;10.044666666666666
0;73.803;66.103;10.053333333333333
;;;10.053333333333333
1;71.754;66.958;10.062
;;;10.062
1;70.177;66.754;10.070666666666666
;;;10.070666666666666
;;;10.079333333333333
1;68.377;66.104;10.079333333333333
;;;10.088
1;66.34;65.386;10.088
;;;10.096666666666666
;;;10.096666666666666
;;;10.105333333333334
;;;10.105333333333334
;;;10.114
;;;10.114
;;;10.122666666666667
;;;10.122666666666667
;;;10.131333333333334
;;;10.131333333333334
;;;10.14
;;;10.14
;;;10.148666666666667
;;;10.148666666666667
;;;10.157333333333334
;;;10.157333333333334
;;;10.166
;;;10.166
;;;10.174666666666667
;;;10.174666666666667
;;;10.183333333333334
;;;10.183333333333334
;;;10.192
;;;10.192
;;;10.200666666666667
;;;10.200666666666667
;;;10.209333333333333
;;;10.209333333333333
;;;10.218
0;104.827;0.389;10.218
;;;10.226666666666667
;;;10.226666666666667
;;;10.235333333333333
;;;10.235333333333333
0;73.676;27.203;10.244
;;;10.244
;;;10.252666666666666
;;;10.252666666666666
;;;10.261333333333333
;;;10.261333333333333
;;;10.27
;;;10.27
;;;10.278666666666666
;;;10.278666666666666
;;;10.287333333333333
;;;10.287333333333333
;;;10.296
;;;10.296
;;;10.304666666666666
;;;10.304666666666666
;;;10.313333333333333
;;;10.313333333333333
;;;10.322
;;;10.322
;;;10.330666666666668
0;88.104;1.011;10.330666666666668
;;;10.339333333333334
0;87.304;2.054;10.339333333333334
;;;10.348
0;43.094;12.718;10.348
;;;10.356666666666667
;;;10.356666666666667
;;;10.365333333333334
;;;10.365333333333334
;;;10.374
0;84.606;10.867;10.374
;;;10.382666666666667
;;;10.382666666666667
;;;10.391333333333334
;;;10.391333333333334
;;;10.4
;;;10.4
0;34.429;35.232;10.408666666666667
;;;10.408666666666667
0;35.8;33.421;10.417333333333334
;;;10.417333333333334
0;36.684;31.735;10.426
;;;10.426
0;36.083;30.005;10.434666666666667
;;;10.434666666666667
0;34.581;28.703;10.443333333333333
;;;10.443333333333333
;;;10.452
0;33.327;28.155;10.452
;;;10.460666666666667
;;;10.460666666666667
;;;10.469333333333333
;;;10.469333333333333
;;;10.478
;;;10.478
;;;10.486666666666666
;;;10.486666666666666
;;;10.495333333333333
;;;10.495333333333333
;;;10.504
;;;10.504
;;;10.512666666666666
;;;10.512666666666666
;;;10.521333333333333
;;;10.521333333333333
1;82.639;11.632;10.53
;;;10.53
1;82.579;11.492;10.538666666666666
;;;10.538666666666666
;;;10.547333333333333
1;82.675;11.657;10.547333333333333
;;;10.556
1;82.73;11.752;10.556
;;;10.564666666666668
1;82.733;11.677;10.564666666666668
;;;10.573333333333334
1;82.738;11.518;10.573333333333334
1;82.87;11.512;10.582
;;;10.582
;;;10.590666666666667
;;;10.590666666666667
0;8.95;51.139;10.599333333333334
;;;10.599333333333334
0;8.37;48.109;10.608
;;;10.608
;;;10.616666666666667
;;;10.616666666666667
1;86.769;31.571;10.625333333333334
;;;10.625333333333334
1;85.23;33.182;10.634
;;;10.634
1;83.42;34.682;10.642666666666667
;;;10.642666666666667
1;81.672;36.027;10.651333333333334
;;;10.651333333333334
1;80.495;36.996;10.66
;;;10.66
;;;10.668666666666667
;;;10.668666666666667
;;;10.677333333333333
;;;10.677333333333333
;;;10.686
;;;10.686
;;;10.694666666666667
;;;10.694666666666667
;;;10.703333333333333
;;;10.703333333333333
;;;10.712
;;;10.712
;;;10.720666666666666
;;;10.720666666666666
;;;10.729333333333333
;;;10.729333333333333
;;;10.738
;;;10.738
;;;10.746666666666666
1;85.214;17.782;10.746666666666666
1;84.297;17.423;10.755333333333333
;;;10.755333333333333
;;;10.764
1;82.686;17.19;10.764
;;;10.772666666666666
1;80.778;17.157;10.772666666666666
;;;10.781333333333333
1;78.784;17.191;10.781333333333333
1;76.951;17.321;10.79
;;;10.79
1;75.9;17.73;10.798666666666668
;;;10.798666666666668
;;;10.807333333333334
;;;10.807333333333334
;;;10.816
;;;10.816
;;;10.824666666666667
;;;10.824666666666667
;;;10.833333333333334
;;;10.833333333333334
;;;10.842
;;;10.842
;;;10.850666666666667
;;;10.850666666666667
;;;10.859333333333334
;;;10.859333333333334
;;;10.868
;;;10.868
;;;10.876666666666667
;;;10.876666666666667
;;;10.885333333333334
0;54.003;27.705;10.885333333333334
0;52.869;28.843;10.894
;;;10.894
;;;10.902666666666667
;;;10.902666666666667
;;;10.911333333333333
;;;10.911333333333333
;;;10.92
;;;10.92
;;;10.928666666666667
;;;10.928666666666667
;;;10.937333333333333
;;;10.937333333333333
;;;10.946
;;;10.946
;;;10.954666666666666
;;;10.954666666666666
1;19.618;36.311;10.963333333333333
0;40.64;37.981;10.963333333333333
;;;10.972
;;;10.972
;;;10.980666666666666
;;;10.980666666666666
;;;10.989333333333333
;;;10.989333333333333
;;;10.998
;;;10.998
;;;11.006666666666666
;;;11.006666666666666
;;;11.015333333333333
1;39.696;52.839;11.015333333333333
;;;11.024
;;;11.024
;;;11.032666666666668
;;;11.032666666666668
;;;11.041333333333334
;;;11.041333333333334
;;;11.05
;;;11.05
;;;11.058666666666667
1;56.267;62.874;11.058666666666667
1;57.9;62.53;11.067333333333334
;;;11.067333333333334
;;;11.076
1;59.333;62.376;11.076
;;;11.084666666666667
1;60.461;62.093;11.084666666666667
;;;11.093333333333334
1;61.03;61.805;11.093333333333334
;;;11.102
;;;11.102
;;;11.110666666666667
;;;11.110666666666667
;;;11.119333333333334
;;;11.119333333333334
;;;11.128
1;58.665;55.185;11.128
;;;11.136666666666667
1;59.517;53.963;11.136666666666667
;;;11.145333333333333
1;60.348;53.037;11.145333333333333
;;;11.154
;;;11.154
;;;11.162666666666667
;;;11.162666666666667
;;;11.171333333333333
;;;11.171333333333333
;;;11.18
;;;11.18
;;;11.188666666666666
;;;11.188666666666666
;;;11.197333333333333
;;;11.197333333333333
;;;11.206
;;;11.206
;;;11.214666666666666
;;;11.214666666666666
;;;11.223333333333333
;;;11.223333333333333
;;;11.232
1;54.854;18.797;11.232
;;;11.240666666666666
1;55.968;18.332;11.240666666666666
;;;11.249333333333333
1;57.398;17.564;11.249333333333333
;;;11.258
;;;11.258
;;;11.266666666666667
;;;11.266666666666667
;;;11.275333333333334
;;;11.275333333333334
;;;11.284
;;;11.284
;;;11.292666666666667
1;71.095;4.345;11.292666666666667
;;;11.301333333333334
1;72.192;4.686;11.301333333333334
;;;11.31
;;;11.31
1;99.337;20.244;11.318666666666667
;;;11.318666666666667
;;;11.327333333333334
;;;11.327333333333334
;;;11.336
1;72.372;13.84;11.336
1;70.518;15.369;11.344666666666667
;;;11.344666666666667
1;90.875;19.558;11.353333333333333
;;;11.353333333333333
;;;11.362
1;90.144;19.142;11.362
1;89.745;19.439;11.370666666666667
;;;11.370666666666667
1;59.189;20.523;11.379333333333333
;;;11.379333333333333
;;;11.388
;;;11.388
1;83.537;23.074;11.396666666666667
;;;11.396666666666667
1;81.518;21.338;11.405333333333333
;;;11.405333333333333
1;79.63;19.15;11.414
;;;11.414
;;;11.422666666666666
1;48.648;28.811;11.422666666666666
;;;11.431333333333333
;;;11.431333333333333
;;;11.44
;;;11.44
;;;11.448666666666666
;;;11.448666666666666
1;67.045;6.295;11.457333333333333
;;;11.457333333333333
1;66.298;6.671;11.466
;;;11.466
;;;11.474666666666666
;;;11.474666666666666
1;59.162;52.475;11.483333333333333
;;;11.483333333333333
;;;11.492
1;59.771;53.155;11.492
1;59.866;52.864;11.500666666666667
;;;11.500666666666667
;;;11.509333333333334
;;;11.509333333333334
;;;11.518
;;;11.518
;;;11.526666666666667
;;;11.526666666666667
;;;11.535333333333334
;;;11.535333333333334
1;52.563;34.883;11.544
;;;11.544
1;53.544;34.808;11.552666666666667
;;;11.552666666666667
1;54.57;35.108;11.561333333333334
;;;11.561333333333334
;;;11.57
;;;11.57
;;;11.578666666666667
;;;11.578666666666667
;;;11.587333333333333
;;;11.587333333333333
1;34.911;56.675;11.596
;;;11.596
1;34.009;57.184;11.604666666666667
1;59.951;50.997;11.604666666666667
;;;11.613333333333333
1;60.41;52.704;11.613333333333333
;;;11.622
;;;11.622
;;;11.630666666666666
;;;11.630666666666666
;;;11.639333333333333
1;42.076;49.522;11.639333333333333
1;63.232;64.745;11.648
;;;11.648
1;62.554;63.116;11.656666666666666
;;;11.656666666666666
1;61.114;61.178;11.665333333333333
;;;11.665333333333333
1;59.761;59.239;11.674
;;;11.674
1;58.915;57.174;11.682666666666666
;;;11.682666666666666
;;;11.691333333333333
1;58.04;54.836;11.691333333333333
;;;11.7
;;;11.7
;;;11.708666666666666
;;;11.708666666666666
;;;11.717333333333332
;;;11.717333333333332
;;;11.726
;;;11.726
1;51.06;21.332;11.734666666666667
1;47.938;35.039;11.734666666666667
;;;11.743333333333334
1;48.805;34.871;11.743333333333334
1;49.332;35.108;11.752
;;;11.752
;;;11.760666666666667
;;;11.760666666666667
;;;11.769333333333334
;;;11.769333333333334
;;;11.778
;;;11.778
1;33.829;1.524;11.786666666666667
1;54.253;43.69;11.786666666666667
1;31.957;2.046;11.795333333333334
1;55.55;44.808;11.795333333333334
1;29.891;2.908;11.804
;;;11.804
1;27.718;3.837;11.812666666666667
;;;11.812666666666667
1;25.535;4.676;11.821333333333333
;;;11.821333333333333
1;23.361;5.491;11.83
;;;11.83
1;21.632;6.548;11.838666666666667
1;75.979;66.506;11.838666666666667
1;21.171;8.211;11.847333333333333
1;76.895;65.047;11.847333333333333
1;21.942;10.684;11.856
;;;11.856
1;23.056;13.752;11.864666666666666
;;;11.864666666666666
;;;11.873333333333333
1;24.157;16.926;11.873333333333333
1;25.296;19.662;11.882
;;;11.882
;;;11.890666666666666
;;;11.890666666666666
;;;11.899333333333333
;;;11.899333333333333
;;;11.908
1;85.471;44.297;11.908
;;;11.916666666666666
;;;11.916666666666666
;;;11.925333333333333
;;;11.925333333333333
;;;11.934
;;;11.934
;;;11.942666666666666
;;;11.942666666666666
;;;11.951333333333332
;;;11.951333333333332
;;;11.96
;;;11.96
;;;11.968666666666667
;;;11.968666666666667
;;;11.977333333333334
;;;11.977333333333334
;;;11.986
;;;11.986
;;;11.994666666666667
;;;11.994666666666667
;;;12.003333333333334
;;;12.003333333333334
;;;12.012
;;;12.012
;;;12.020666666666667
;;;12.020666666666667
;;;12.029333333333334
;;;12.029333333333334
;;;12.038
;;;12.038
;;;12.046666666666667
;;;12.046666666666667
;;;12.055333333333333
;;;12.055333333333333
;;;12.064
;;;12.064
;;;12.072666666666667
;;;12.072666666666667
;;;12.081333333333333
;;;12.081333333333333
;;;12.09
;;;12.09
;;;12.098666666666666
;;;12.098666666666666
;;;12.107333333333333
;;;12.107333333333333
;;;12.116
;;;12.116
;;;12.124666666666666
;;;12.124666666666666
;;;12.133333333333333
;;;12.133333333333333
;;;12.142
;;;12.142
;;;12.150666666666666
;;;12.150666666666666
;;;12.159333333333333
;;;12.159333333333333
;;;12.168
;;;12.168
;;;12.176666666666666
;;;12.176666666666666
;;;12.185333333333332
;;;12.185333333333332
;;;12.194
;;;12.194
;;;12.202666666666667
;;;12.202666666666667
;;;12.211333333333334
;;;12.211333333333334
;;;12.22
;;;12.22
;;;12.228666666666667
;;;12.228666666666667
;;;12.237333333333334
;;;12.237333333333334
;;;12.246
;;;12.246
;;;12.254666666666667
;;;12.254666666666667
;;;12.263333333333334
;;;12.263333333333334
;;;12.272
;;;12.272
;;;12.280666666666667
;;;12.280666666666667
;;;12.289333333333333
;;;12.289333333333333
;;;12.298
;;;12.298
;;;12.306666666666667
;;;12.306666666666667
;;;12.315333333333333
;;;12.315333333333333
;;;12.324
;;;12.324
;;;12.332666666666666
;;;12.332666666666666
;;;12.341333333333333
;;;12.341333333333333
;;;12.35
;;;12.35
;;;12.358666666666666
;;;12.358666666666666
;;;12.367333333333333
;;;12.367333333333333
;;;12.376
;;;12.376
;;;12.384666666666666
;;;12.384666666666666
;;;12.393333333333333
;;;12.393333333333333
0;26.911;62.186;12.402
;;;12.402
0;29.24;62.222;12.410666666666666
;;;12.410666666666666
;;;12.419333333333332
;;;12.419333333333332
;;;12.428
;;;12.428
;;;12.436666666666667
;;;12.436666666666667
;;;12.445333333333334
;;;12.445333333333334
;;;12.454
;;;12.454
;;;12.462666666666667
;;;12.462666666666667
;;;12.471333333333334
;;;12.471333333333334
;;;12.48
;;;12.48
;;;12.488666666666667
;;;12.488666666666667
;;;12.497333333333334
;;;12.497333333333334
;;;12.506
;;;12.506
;;;12.514666666666667
;;;12.514666666666667
;;;12.523333333333333
;;;12.523333333333333
;;;12.532
;;;12.532
;;;12.540666666666667
;;;12.540666666666667
;;;12.549333333333333
;;;12.549333333333333
;;;12.558
;;;12.558
;;;12.566666666666666
;;;12.566666666666666
;;;12.575333333333333
;;;12.575333333333333
;;;12.584
;;;12.584
;;;12.592666666666666
;;;12.592666666666666
;;;12.601333333333333
;;;12.601333333333333
;;;12.61
;;;12.61
;;;12.618666666666666
;;;12.618666666666666
;;;12.627333333333333
;;;12.627333333333333
1;78.542;60.147;12.636
1;104.547;1.413;12.636
1;104.348;1.238;12.644666666666666
1;78.334;62.22;12.644666666666666
1;77.973;64.706;12.653333333333334
1;104.061;1.295;12.653333333333334
1;103.973;1.4;12.662
1;78.005;66.462;12.662
1;103.997;1.428;12.670666666666667
1;78.415;67.113;12.670666666666667
1;104.14;1.318;12.679333333333334
;;;12.679333333333334
1;104.525;1.037;12.688
;;;12.688
;;;12.696666666666667
1;105.099;0.654;12.696666666666667
1;105.659;0.283;12.705333333333334
;;;12.705333333333334
;;;12.714
;;;12.714
;;;12.722666666666667
;;;12.722666666666667
;;;12.731333333333334
;;;12.731333333333334
;;;12.74
;;;12.74
;;;12.748666666666667
;;;12.748666666666667
;;;12.757333333333333
;;;12.757333333333333
;;;12.766
;;;12.766
;;;12.774666666666667
;;;12.774666666666667
;;;12.783333333333333
;;;12.783333333333333
;;;12.792
;;;12.792
1;87.993;7.635;12.800666666666666
;;;12.800666666666666
;;;12.809333333333333
;;;12.809333333333333
;;;12.818
;;;12.818
;;;12.826666666666666
;;;12.826666666666666
;;;12.835333333333333
;;;12.835333333333333
1;94.909;17.122;12.844
;;;12.844
;;;12.852666666666666
;;;12.852666666666666
;;;12.861333333333333
;;;12.861333333333333
;;;12.87
;;;12.87
;;;12.878666666666666
;;;12.878666666666666
;;;12.887333333333334
;;;12.887333333333334
;;;12.896
1;80.673;24.388;12.896
;;;12.904666666666667
1;78.407;24.753;12.904666666666667
;;;12.913333333333334
1;76.849;25.21;12.913333333333334
;;;12.922
1;76.184;25.956;12.922
;;;12.930666666666667
;;;12.930666666666667
;;;12.939333333333334
;;;12.939333333333334
;;;12.948
;;;12.948
;;;12.956666666666667
;;;12.956666666666667
;;;12.965333333333334
;;;12.965333333333334
1;63.138;56.623;12.974
;;;12.974
1;62.873;56.737;12.982666666666667
;;;12.982666666666667
1;62.427;56.906;12.991333333333333
;;;12.991333333333333
1;61.745;57.022;13.0
;;;13.0
;;;13.008666666666667
1;61.212;56.891;13.008666666666667
;;;13.017333333333333
;;;13.017333333333333
;;;13.026
;;;13.026
;;;13.034666666666666
;;;13.034666666666666
;;;13.043333333333333
;;;13.043333333333333
;;;13.052
;;;13.052
1;66.135;52.089;13.060666666666666
;;;13.060666666666666
1;65.53;51.698;13.069333333333333
;;;13.069333333333333
1;64.806;51.163;13.078
;;;13.078
1;64.103;50.267;13.086666666666666
;;;13.086666666666666
1;63.576;49.144;13.095333333333333
;;;13.095333333333333
;;;13.104
;;;13.104
;;;13.112666666666666
;;;13.112666666666666
;;;13.121333333333334
;;;13.121333333333334
;;;13.13
;;;13.13
1;67.628;36.466;13.138666666666667
;;;13.138666666666667
1;67.096;34.815;13.147333333333334
;;;13.147333333333334
;;;13.156
;;;13.156
;;;13.164666666666667
;;;13.164666666666667
;;;13.173333333333334
;;;13.173333333333334
;;;13.182
;;;13.182
1;63.349;18.701;13.190666666666667
;;;13.190666666666667
1;61.732;18.609;13.199333333333334
;;;13.199333333333334
;;;13.208
;;;13.208
;;;13.216666666666667
;;;13.216666666666667
;;;13.225333333333333
;;;13.225333333333333
;;;13.234
0;74.873;0.885;13.234
;;;13.242666666666667
0;74.578;0.935;13.242666666666667
1;60.941;18.009;13.251333333333333
0;74.417;0.983;13.251333333333333
0;74.361;1.039;13.26
1;60.359;18.519;13.26
;;;13.268666666666666
0;74.312;1.126;13.268666666666666
0;74.308;0.996;13.277333333333333
;;;13.277333333333333
;;;13.286
0;74.473;0.296;13.286
0;74.67;-0.551;13.294666666666666
;;;13.294666666666666
;;;13.303333333333333
0;74.759;-0.807;13.303333333333333
;;;13.312
;;;13.312
;;;13.320666666666666
1;41.184;1.638;13.320666666666666
;;;13.329333333333333
1;42.186;2.134;13.329333333333333
;;;13.338
1;43.392;3.18;13.338
;;;13.346666666666666
;;;13.346666666666666
;;;13.355333333333334
;;;13.355333333333334
;;;13.364
;;;13.364
;;;13.372666666666667
;;;13.372666666666667
;;;13.381333333333334
;;;13.381333333333334
;;;13.39
;;;13.39
;;;13.398666666666667
;;;13.398666666666667
;;;13.407333333333334
;;;13.407333333333334
;;;13.416
;;;13.416
;;;13.424666666666667
1;56.756;13.264;13.424666666666667
1;56.959;15.059;13.433333333333334
0;46.256;20.222;13.433333333333334
;;;13.442
0;46.153;23.835;13.442
;;;13.450666666666667
;;;13.450666666666667
;;;13.459333333333333
;;;13.459333333333333
;;;13.468
;;;13.468
;;;13.476666666666667
;;;13.476666666666667
;;;13.485333333333333
;;;13.485333333333333
;;;13.494
;;;13.494
;;;13.502666666666666
;;;13.502666666666666
;;;13.511333333333333
;;;13.511333333333333
;;;13.52
1;50.437;53.509;13.52
;;;13.528666666666666
;;;13.528666666666666
;;;13.537333333333333
;;;13.537333333333333
;;;13.546
;;;13.546
;;;13.554666666666666
;;;13.554666666666666
;;;13.563333333333333
;;;13.563333333333333
;;;13.572
;;;13.572
1;50.949;36.017;13.580666666666668
;;;13.580666666666668
1;52.807;34.863;13.589333333333334
;;;13.589333333333334
;;;13.598
;;;13.598
;;;13.606666666666667
;;;13.606666666666667
;;;13.615333333333334
;;;13.615333333333334
;;;13.624
;;;13.624
;;;13.632666666666667
;;;13.632666666666667
;;;13.641333333333334
;;;13.641333333333334
1;27.671;5.744;13.65
;;;13.65
1;25.18;7.366;13.658666666666667
;;;13.658666666666667
;;;13.667333333333334
1;22.471;9.306;13.667333333333334
;;;13.676
1;19.843;11.62;13.676
;;;13.684666666666667
;;;13.684666666666667
;;;13.693333333333333
;;;13.693333333333333
;;;13.702
;;;13.702
;;;13.710666666666667
;;;13.710666666666667
;;;13.719333333333333
;;;13.719333333333333
;;;13.728
;;;13.728
;;;13.736666666666666
;;;13.736666666666666
;;;13.745333333333333
;;;13.745333333333333
;;;13.754
;;;13.754
;;;13.762666666666666
;;;13.762666666666666
;;;13.771333333333333
;;;13.771333333333333
;;;13.78
;;;13.78
;;;13.788666666666666
;;;13.788666666666666
;;;13.797333333333333
;;;13.797333333333333
;;;13.806
;;;13.806
;;;13.814666666666668
;;;13.814666666666668
;;;13.823333333333334
;;;13.823333333333334
;;;13.832
;;;13.832
;;;13.840666666666667
;;;13.840666666666667
;;;13.849333333333334
;;;13.849333333333334
;;;13.858
;;;13.858
;;;13.866666666666667
;;;13.866666666666667
;;;13.875333333333334
;;;13.875333333333334
;;;13.884
;;;13.884
;;;13.892666666666667
;;;13.892666666666667
;;;13.901333333333334
;;;13.901333333333334
;;;13.91
;;;13.91
;;;13.918666666666667
;;;13.918666666666667
;;;13.927333333333333
;;;13.927333333333333
;;;13.936
;;;13.936
;;;13.944666666666667
;;;13.944666666666667
;;;13.953333333333333
;;;13.953333333333333
1;20.129;26.857;13.962
;;;13.962
;;;13.970666666666666
;;;13.970666666666666
;;;13.979333333333333
;;;13.979333333333333
;;;13.988
;;;13.988
;;;13.996666666666666
;;;13.996666666666666
;;;14.005333333333333
;;;14.005333333333333
;;;14.014
;;;14.014
;;;14.022666666666666
;;;14.022666666666666
;;;14.031333333333333
;;;14.031333333333333
;;;14.04
1;44.802;32.223;14.04
;;;14.048666666666668
;;;14.048666666666668
;;;14.057333333333334
;;;14.057333333333334
;;;14.066
;;;14.066
;;;14.074666666666667
;;;14.074666666666667
;;;14.083333333333334
;;;14.083333333333334
;;;14.092
1;61.122;57.453;14.092
1;64.529;57.032;14.100666666666667
;;;14.100666666666667
1;68.148;56.942;14.109333333333334
;;;14.109333333333334
;;;14.118
1;71.707;57.055;14.118
;;;14.126666666666667
;;;14.126666666666667
;;;14.135333333333334
;;;14.135333333333334
;;;14.144
;;;14.144
;;;14.152666666666667
;;;14.152666666666667
;;;14.161333333333333
;;;14.161333333333333
1;92.591;67.884;14.17
;;;14.17
;;;14.178666666666667
1;93.295;67.73;14.178666666666667
;;;14.187333333333333
1;92.535;67.377;14.187333333333333
;;;14.196
1;90.849;67.057;14.196
;;;14.204666666666666
1;89.139;66.631;14.204666666666666
;;;14.213333333333333
;;;14.213333333333333
;;;14.222
;;;14.222
1;80.769;66.468;14.230666666666666
;;;14.230666666666666
1;78.983;66.502;14.239333333333333
;;;14.239333333333333
1;77.251;66.013;14.248
;;;14.248
;;;14.256666666666666
;;;14.256666666666666
;;;14.265333333333333
;;;14.265333333333333
;;;14.274
;;;14.274
;;;14.282666666666668
;;;14.282666666666668
;;;14.291333333333334
;;;14.291333333333334
;;;14.3
;;;14.3
;;;14.308666666666667
;;;14.308666666666667
;;;14.317333333333334
;;;14.317333333333334
;;;14.326
;;;14.326
;;;14.334666666666667
;;;14.334666666666667
;;;14.343333333333334
;;;14.343333333333334
;;;14.352
;;;14.352
;;;14.360666666666667
;;;14.360666666666667
;;;14.369333333333334
;;;14.369333333333334
;;;14.378
;;;14.378
;;;14.386666666666667
;;;14.386666666666667
;;;14.395333333333333
;;;14.395333333333333
;;;14.404
;;;14.404
;;;14.412666666666667
;;;14.412666666666667
1;75.297;12.838;14.421333333333333
;;;14.421333333333333
1;77.919;12.468;14.43
;;;14.43
;;;14.438666666666666
1;80.362;11.909;14.438666666666666
;;;14.447333333333333
1;82.385;11.024;14.447333333333333
1;83.915;10.142;14.456
;;;14.456
;;;14.464666666666666
;;;14.464666666666666
;;;14.473333333333333
;;;14.473333333333333
;;;14.482
;;;14.482
;;;14.490666666666666
;;;14.490666666666666
;;;14.499333333333333
;;;14.499333333333333
;;;14.508
;;;14.508
;;;14.516666666666667
;;;14.516666666666667
;;;14.525333333333334
;;;14.525333333333334
;;;14.534
1;69.191;14.305;14.534
;;;14.542666666666667
1;69.378;15.569;14.542666666666667
;;;14.551333333333334
1;69.921;16.163;14.551333333333334
;;;14.56
1;70.695;16.297;14.56
;;;14.568666666666667
;;;14.568666666666667
;;;14.577333333333334
;;;14.577333333333334
;;;14.586
;;;14.586
;;;14.594666666666667
;;;14.594666666666667
;;;14.603333333333333
;;;14.603333333333333
;;;14.612
;;;14.612
;;;14.620666666666667
;;;14.620666666666667
1;71.536;11.217;14.629333333333333
;;;14.629333333333333
1;69.67;9.698;14.638
;;;14.638
1;67.559;8.847;14.646666666666667
;;;14.646666666666667
;;;14.655333333333333
1;65.23;8.667;14.655333333333333
;;;14.664
1;62.874;8.923;14.664
;;;14.672666666666666
1;61.037;9.221;14.672666666666666
;;;14.681333333333333
1;60.127;9.361;14.681333333333333
;;;14.69
1;60.055;9.374;14.69
;;;14.698666666666666
;;;14.698666666666666
;;;14.707333333333333
1;96.968;50.636;14.707333333333333
1;97.599;48.931;14.716
;;;14.716
0;98.783;45.772;14.724666666666666
;;;14.724666666666666
;;;14.733333333333333
1;68.122;15.656;14.733333333333333
;;;14.742
;;;14.742
;;;14.750666666666667
;;;14.750666666666667
;;;14.759333333333334
;;;14.759333333333334
;;;14.768
;;;14.768
;;;14.776666666666667
1;63.562;34.453;14.776666666666667
;;;14.785333333333334
1;61.868;34.798;14.785333333333334
;;;14.794
;;;14.794
;;;14.802666666666667
;;;14.802666666666667
;;;14.811333333333334
;;;14.811333333333334
;;;14.82
;;;14.82
;;;14.828666666666667
;;;14.828666666666667
;;;14.837333333333333
;;;14.837333333333333
;;;14.846
1;43.558;11.692;14.846
1;42.383;11.643;14.854666666666667
;;;14.854666666666667
;;;14.863333333333333
;;;14.863333333333333
;;;14.872
;;;14.872
;;;14.880666666666666
;;;14.880666666666666
;;;14.889333333333333
;;;14.889333333333333
1;51.271;24.385;14.898
;;;14.898
;;;14.906666666666666
1;49.797;24.364;14.906666666666666
1;48.7;25.269;14.915333333333333
;;;14.915333333333333
0;10.676;12.547;14.924
;;;14.924
1;11.757;13.652;14.932666666666666
;;;14.932666666666666
1;13.086;15.088;14.941333333333333
;;;14.941333333333333
1;55.177;33.671;14.95
;;;14.95
;;;14.958666666666666
1;57.601;35.183;14.958666666666666
1;59.686;36.585;14.967333333333332
;;;14.967333333333332
0;6.587;15.956;14.976
;;;14.976
0;5.439;16.261;14.984666666666667
;;;14.984666666666667
;;;14.993333333333334
0;5.867;16.134;14.993333333333334
0;7.219;16.233;15.002
;;;15.002
;;;15.010666666666667
;;;15.010666666666667
;;;15.019333333333334
;;;15.019333333333334
;;;15.028
;;;15.028
;;;15.036666666666667
;;;15.036666666666667
;;;15.045333333333334
;;;15.045333333333334
;;;15.054
;;;15.054
1;84.502;55.448;15.062666666666667
;;;15.062666666666667
;;;15.071333333333333
;;;15.071333333333333
;;;15.08
1;28.755;54.12;15.08
1;27.848;53.141;15.088666666666667
;;;15.088666666666667
;;;15.097333333333333
;;;15.097333333333333
;;;15.106
;;;15.106
;;;15.114666666666666
;;;15.114666666666666
;;;15.123333333333333
;;;15.123333333333333
1;14.087;58.376;15.132
;;;15.132
1;14.306;57.478;15.140666666666666
;;;15.140666666666666
1;16.002;57.205;15.149333333333333
1;95.139;56.538;15.149333333333333
1;17.5;57.729;15.158
1;96.092;56.056;15.158
1;17.04;58.568;15.166666666666666
1;96.821;55.647;15.166666666666666
;;;15.175333333333333
1;96.587;55.585;15.175333333333333
;;;15.184
1;95.046;55.734;15.184
;;;15.192666666666666
1;92.748;55.917;15.192666666666666
;;;15.201333333333332
;;;15.201333333333332
;;;15.21
;;;15.21
;;;15.218666666666667
;;;15.218666666666667
;;;15.227333333333334
;;;15.227333333333334
;;;15.236
;;;15.236
;;;15.244666666666667
;;;15.244666666666667
;;;15.253333333333334
;;;15.253333333333334
;;;15.262
;;;15.262
;;;15.270666666666667
0;0.231;43.956;15.270666666666667
;;;15.279333333333334
0;-0.142;43.742;15.279333333333334
;;;15.288
0;-0.561;43.499;15.288
;;;15.296666666666667
0;-0.68;43.411;15.296666666666667
0;-0.393;43.446;15.305333333333333
;;;15.305333333333333
;;;15.314
0;0.139;43.451;15.314
;;;15.322666666666667
;;;15.322666666666667
;;;15.331333333333333
1;74.781;39.354;15.331333333333333
;;;15.34
1;75.908;39.923;15.34
;;;15.348666666666666
;;;15.348666666666666
;;;15.357333333333333
;;;15.357333333333333
;;;15.366
;;;15.366
;;;15.374666666666666
;;;15.374666666666666
;;;15.383333333333333
;;;15.383333333333333
;;;15.392
;;;15.392
;;;15.400666666666666
;;;15.400666666666666
;;;15.409333333333333
;;;15.409333333333333
;;;15.418
;;;15.418
;;;15.426666666666666
;;;15.426666666666666
;;;15.435333333333332
;;;15.435333333333332
;;;15.444
;;;15.444
;;;15.452666666666667
;;;15.452666666666667
;;;15.461333333333334
;;;15.461333333333334
;;;15.47
;;;15.47
;;;15.478666666666667
;;;15.478666666666667
;;;15.487333333333334
;;;15.487333333333334
;;;15.496
;;;15.496
;;;15.504666666666667
;;;15.504666666666667
;;;15.513333333333334
;;;15.513333333333334
;;;15.522
;;;15.522
;;;15.530666666666667
;;;15.530666666666667
;;;15.539333333333333
;;;15.539333333333333
;;;15.548
;;;15.548
;;;15.556666666666667
;;;15.556666666666667
;;;15.565333333333333
;;;15.565333333333333
;;;15.574
;;;15.574
;;;15.582666666666666
;;;15.582666666666666
;;;15.591333333333333
;;;15.591333333333333
;;;15.6
;;;15.6
;;;15.608666666666666
;;;15.608666666666666
;;;15.617333333333333
;;;15.617333333333333
;;;15.626
;;;15.626
;;;15.634666666666666
;;;15.634666666666666
;;;15.643333333333333
;;;15.643333333333333
0;52.206;7.341;15.652
;;;15.652
;;;15.660666666666666
0;52.715;7.951;15.660666666666666
;;;15.669333333333332
;;;15.669333333333332
;;;15.678
;;;15.678
0;57.459;11.775;15.686666666666667
;;;15.686666666666667
;;;15.695333333333334
;;;15.695333333333334
;;;15.704
;;;15.704
0;59.408;19.572;15.712666666666667
;;;15.712666666666667
;;;15.721333333333334
;;;15.721333333333334
;;;15.73
;;;15.73
;;;15.738666666666667
;;;15.738666666666667
;;;15.747333333333334
0;50.27;32.831;15.747333333333334
;;;15.756
;;;15.756
;;;15.764666666666667
;;;15.764666666666667
;;;15.773333333333333
;;;15.773333333333333
;;;15.782
;;;15.782
;;;15.790666666666667
0;40.573;58.771;15.790666666666667
;;;15.799333333333333
0;38.484;59.695;15.799333333333333
;;;15.808
;;;15.808
;;;15.816666666666666
;;;15.816666666666666
;;;15.825333333333333
;;;15.825333333333333
;;;15.834
;;;15.834
;;;15.842666666666666
;;;15.842666666666666
;;;15.851333333333333
1;31.133;47.041;15.851333333333333
;;;15.86
;;;15.86
;;;15.868666666666666
;;;15.868666666666666
;;;15.877333333333333
;;;15.877333333333333
;;;15.886
;;;15.886
;;;15.894666666666666
;;;15.894666666666666
;;;15.903333333333334
;;;15.903333333333334
;;;15.912
;;;15.912
;;;15.920666666666667
;;;15.920666666666667
;;;15.929333333333334
;;;15.929333333333334
;;;15.938
;;;15.938
0;45.156;60.117;15.946666666666667
;;;15.946666666666667
;;;15.955333333333334
0;45.135;60.015;15.955333333333334
;;;15.964
;;;15.964
;;;15.972666666666667
;;;15.972666666666667
;;;15.981333333333334
;;;15.981333333333334
;;;15.99
;;;15.99
;;;15.998666666666667
;;;15.998666666666667
;;;16.00733333333333
;;;16.00733333333333
0;8.512;31.483;16.016
;;;16.016
;;;16.02466666666667
0;9.846;32.2;16.02466666666667
;;;16.033333333333335
;;;16.033333333333335
1;0.812;45.053;16.042
;;;16.042
;;;16.050666666666668
;;;16.050666666666668
;;;16.059333333333335
;;;16.059333333333335
;;;16.068
;;;16.068
;;;16.076666666666668
;;;16.076666666666668
;;;16.085333333333335
;;;16.085333333333335
;;;16.094
;;;16.094
;;;16.102666666666668
;;;16.102666666666668
;;;16.111333333333334
1;29.073;39.064;16.111333333333334
;;;16.12
;;;16.12
;;;16.128666666666668
;;;16.128666666666668
;;;16.137333333333334
;;;16.137333333333334
;;;16.146
;;;16.146
;;;16.154666666666667
1;48.403;26.519;16.154666666666667
1;51.292;26.331;16.163333333333334
;;;16.163333333333334
;;;16.172
1;54.199;25.821;16.172
;;;16.180666666666667
;;;16.180666666666667
0;41.145;3.932;16.189333333333334
;;;16.189333333333334
;;;16.198
;;;16.198
;;;16.206666666666667
;;;16.206666666666667
;;;16.215333333333334
;;;16.215333333333334
;;;16.224
0;40.789;9.703;16.224
;;;16.232666666666667
0;41.113;10.397;16.232666666666667
1;74.883;2.322;16.241333333333333
0;41.787;11.069;16.241333333333333
1;77.147;3.222;16.25
;;;16.25
1;79.781;4.945;16.258666666666667
;;;16.258666666666667
1;82.373;6.857;16.267333333333333
;;;16.267333333333333
1;84.665;8.563;16.276
;;;16.276
1;86.318;10.271;16.284666666666666
;;;16.284666666666666
1;87.077;12.143;16.293333333333333
;;;16.293333333333333
;;;16.302
;;;16.302
;;;16.310666666666666
;;;16.310666666666666
;;;16.319333333333333
;;;16.319333333333333
;;;16.328
;;;16.328
;;;16.336666666666666
;;;16.336666666666666
;;;16.345333333333333
;;;16.345333333333333
;;;16.354
;;;16.354
;;;16.362666666666666
;;;16.362666666666666
0;98.153;30.886;16.371333333333332
;;;16.371333333333332
1;96.555;31.343;16.38
;;;16.38
;;;16.388666666666666
1;96.308;31.58;16.388666666666666
1;96.117;31.566;16.397333333333332
;;;16.397333333333332
1;95.947;31.154;16.406
;;;16.406
;;;16.414666666666665
1;95.653;30.781;16.414666666666665
0;92.396;31.684;16.423333333333332
;;;16.423333333333332
;;;16.432
;;;16.432
;;;16.440666666666665
;;;16.440666666666665
1;92.73;32.445;16.449333333333332
;;;16.449333333333332
;;;16.458
1;92.017;32.862;16.458
;;;16.466666666666665
1;91.319;33.273;16.466666666666665
;;;16.47533333333333
;;;16.47533333333333
1;96.499;44.809;16.484
;;;16.484
;;;16.49266666666667
1;95.053;44.868;16.49266666666667
;;;16.501333333333335
1;93.638;44.739;16.501333333333335
1;92.206;44.537;16.51
;;;16.51
1;90.599;44.554;16.518666666666668
;;;16.518666666666668
1;88.906;44.711;16.527333333333335
;;;16.527333333333335
;;;16.536
1;87.28;44.779;16.536
1;85.733;44.687;16.544666666666668
;;;16.544666666666668
;;;16.553333333333335
1;84.378;44.585;16.553333333333335
1;83.51;44.653;16.562
;;;16.562
1;83.241;44.73;16.570666666666668
;;;16.570666666666668
;;;16.579333333333334
1;83.326;44.526;16.579333333333334
;;;16.588
;;;16.588
;;;16.596666666666668
;;;16.596666666666668
;;;16.605333333333334
;;;16.605333333333334
;;;16.614
;;;16.614
;;;16.622666666666667
1;84.794;19.775;16.622666666666667
1;82.73;18.585;16.631333333333334
;;;16.631333333333334
;;;16.64
;;;16.64
;;;16.648666666666667
;;;16.648666666666667
;;;16.657333333333334
;;;16.657333333333334
;;;16.666
;;;16.666
;;;16.674666666666667
;;;16.674666666666667
;;;16.683333333333334
;;;16.683333333333334
;;;16.692
;;;16.692
;;;16.700666666666667
;;;16.700666666666667
;;;16.709333333333333
;;;16.709333333333333
;;;16.718
;;;16.718
;;;16.726666666666667
;;;16.726666666666667
;;;16.735333333333333
;;;16.735333333333333
1;65.727;21.726;16.744
;;;16.744
1;65.774;22.022;16.752666666666666
;;;16.752666666666666
;;;16.761333333333333
1;65.724;20.877;16.761333333333333
;;;16.77
;;;16.77
;;;16.778666666666666
;;;16.778666666666666
;;;16.787333333333333
;;;16.787333333333333
;;;16.796
;;;16.796
;;;16.804666666666666
;;;16.804666666666666
;;;16.813333333333333
;;;16.813333333333333
1;73.747;28.655;16.822
;;;16.822
;;;16.830666666666666
1;72.662;29.13;16.830666666666666
1;71.595;29.636;16.839333333333332
;;;16.839333333333332
1;70.454;30.204;16.848
;;;16.848
1;69.132;30.564;16.856666666666666
;;;16.856666666666666
1;67.749;30.498;16.865333333333332
;;;16.865333333333332
;;;16.874
;;;16.874
;;;16.882666666666665
;;;16.882666666666665
;;;16.891333333333332
;;;16.891333333333332
;;;16.9
;;;16.9
;;;16.908666666666665
;;;16.908666666666665
1;63.508;16.187;16.917333333333332
;;;16.917333333333332
1;61.476;15.317;16.926
;;;16.926
1;59.056;14.185;16.934666666666665
;;;16.934666666666665
;;;16.94333333333333
;;;16.94333333333333
;;;16.952
;;;16.952
;;;16.96066666666667
;;;16.96066666666667
;;;16.969333333333335
;;;16.969333333333335
;;;16.978
;;;16.978
1;29.559;3.258;16.986666666666668
;;;16.986666666666668
1;27.294;4.266;16.995333333333335
;;;16.995333333333335
1;25.509;5.357;17.004
;;;17.004
;;;17.012666666666668
1;24.056;6.22;17.012666666666668
1;22.772;6.454;17.021333333333335
;;;17.021333333333335
;;;17.03
1;22.443;6.498;17.03
;;;17.038666666666668
1;23.618;7.345;17.038666666666668
;;;17.047333333333334
1;25.08;9.039;17.047333333333334
;;;17.056
1;25.476;10.271;17.056
1;25.041;10.404;17.064666666666668
;;;17.064666666666668
1;24.605;10.725;17.073333333333334
;;;17.073333333333334
;;;17.082
1;24.555;12.467;17.082
1;24.853;15.16;17.090666666666667
;;;17.090666666666667
1;25.369;17.92;17.099333333333334
;;;17.099333333333334
;;;17.108
;;;17.108
;;;17.116666666666667
;;;17.116666666666667
;;;17.125333333333334
;;;17.125333333333334
;;;17.134
1;35.733;31.288;17.134
;;;17.142666666666667
;;;17.142666666666667
;;;17.151333333333334
;;;17.151333333333334
;;;17.16
;;;17.16
;;;17.168666666666667
;;;17.168666666666667
1;33.437;54.746;17.177333333333333
;;;17.177333333333333
1;31.631;55.587;17.186
;;;17.186
;;;17.194666666666667
;;;17.194666666666667
;;;17.203333333333333
;;;17.203333333333333
;;;17.212
;;;17.212
;;;17.220666666666666
;;;17.220666666666666
1;22.56;66.761;17.229333333333333
;;;17.229333333333333
;;;17.238
;;;17.238
;;;17.246666666666666
;;;17.246666666666666
;;;17.255333333333333
;;;17.255333333333333
;;;17.264
;;;17.264
;;;17.272666666666666
;;;17.272666666666666
;;;17.281333333333333
;;;17.281333333333333
;;;17.29
;;;17.29
;;;17.298666666666666
;;;17.298666666666666
;;;17.307333333333332
;;;17.307333333333332
;;;17.316
;;;17.316
;;;17.324666666666666
;;;17.324666666666666
;;;17.333333333333332
;;;17.333333333333332
;;;17.342
;;;17.342
;;;17.350666666666665
;;;17.350666666666665
;;;17.359333333333332
;;;17.359333333333332
;;;17.368
;;;17.368
1;43.908;50.363;17.376666666666665
;;;17.376666666666665
1;42.787;52.494;17.38533333333333
;;;17.38533333333333
;;;17.394
;;;17.394
;;;17.402666666666665
;;;17.402666666666665
1;43.688;9.348;17.411333333333335
;;;17.411333333333335
1;43.855;9.432;17.42
;;;17.42
1;43.954;9.316;17.42866666666667
1;45.515;65.223;17.42866666666667
1;43.899;9.198;17.437333333333335
1;44.875;64.909;17.437333333333335
1;44.169;64.164;17.446
1;43.757;9.261;17.446
1;43.44;63.463;17.454666666666668
1;43.661;9.401;17.454666666666668
1;43.648;9.459;17.463333333333335
1;42.995;62.619;17.463333333333335
1;43.661;9.448;17.472
;;;17.472
;;;17.480666666666668
1;43.666;9.416;17.480666666666668
;;;17.489333333333335
1;43.661;9.382;17.489333333333335
1;43.672;9.363;17.498
;;;17.498
;;;17.506666666666668
1;43.747;9.353;17.506666666666668
;;;17.515333333333334
1;43.923;9.338;17.515333333333334
1;44.197;9.287;17.524
;;;17.524
1;44.502;9.338;17.532666666666668
;;;17.532666666666668
;;;17.541333333333334
1;44.76;9.679;17.541333333333334
;;;17.55
1;44.94;10.066;17.55
1;45.046;10.17;17.558666666666667
;;;17.558666666666667
;;;17.567333333333334
1;45.067;10.126;17.567333333333334
;;;17.576
1;45.039;10.104;17.576
1;45.013;10.112;17.584666666666667
;;;17.584666666666667
1;45.0;10.131;17.593333333333334
;;;17.593333333333334
1;45.027;10.153;17.602
;;;17.602
1;45.108;10.121;17.610666666666667
;;;17.610666666666667
;;;17.619333333333334
;;;17.619333333333334
;;;17.628
;;;17.628
;;;17.636666666666667
;;;17.636666666666667
;;;17.645333333333333
;;;17.645333333333333
;;;17.654
;;;17.654
;;;17.662666666666667
0;11.45;-0.416;17.662666666666667
;;;17.671333333333333
0;11.414;-1.189;17.671333333333333
;;;17.68
;;;17.68
;;;17.688666666666666
1;42.865;21.9;17.688666666666666
;;;17.697333333333333
1;44.082;22.328;17.697333333333333
1;45.321;22.806;17.706
0;13.272;-0.273;17.706
0;13.844;0.04;17.714666666666666
1;46.243;23.431;17.714666666666666
0;14.083;-0.035;17.723333333333333
1;46.75;23.904;17.723333333333333
0;14.238;-0.145;17.732
1;47.164;24.186;17.732
1;47.477;24.439;17.740666666666666
0;14.45;-0.001;17.740666666666666
;;;17.749333333333333
0;14.563;0.257;17.749333333333333
;;;17.758
0;14.562;0.414;17.758
;;;17.766666666666666
0;14.54;0.431;17.766666666666666
;;;17.775333333333332
0;14.519;0.417;17.775333333333332
;;;17.784
0;14.49;0.426;17.784
;;;17.792666666666666
0;14.488;0.43;17.792666666666666
;;;17.801333333333332
0;14.521;0.416;17.801333333333332
0;14.54;0.406;17.81
;;;17.81
0;14.54;0.405;17.818666666666665
;;;17.818666666666665
0;14.546;0.407;17.827333333333332
1;61.196;3.254;17.827333333333332
1;62.732;3.26;17.836
;;;17.836
;;;17.844666666666665
1;64.362;3.592;17.844666666666665
1;65.547;3.893;17.85333333333333
;;;17.85333333333333
1;65.981;3.685;17.862
;;;17.862
;;;17.870666666666665
;;;17.870666666666665
;;;17.879333333333335
;;;17.879333333333335
;;;17.888
;;;17.888
1;48.843;5.379;17.89666666666667
;;;17.89666666666667
;;;17.905333333333335
1;49.596;5.358;17.905333333333335
;;;17.914
1;50.458;6.612;17.914
1;50.722;8.03;17.922666666666668
;;;17.922666666666668
;;;17.931333333333335
;;;17.931333333333335
1;51.618;12.673;17.94
;;;17.94
1;50.927;15.738;17.948666666666668
;;;17.948666666666668
;;;17.957333333333334
;;;17.957333333333334
;;;17.966
;;;17.966
;;;17.974666666666668
;;;17.974666666666668
;;;17.983333333333334
;;;17.983333333333334
;;;17.992
;;;17.992
;;;18.000666666666667
;;;18.000666666666667
;;;18.009333333333334
;;;18.009333333333334
;;;18.018
;;;18.018
1;42.681;47.918;18.026666666666667
0;43.271;32.663;18.026666666666667
1;44.496;48.827;18.035333333333334
;;;18.035333333333334
;;;18.044
;;;18.044
;;;18.052666666666667
;;;18.052666666666667
;;;18.061333333333334
0;50.592;43.313;18.061333333333334
0;51.409;45.626;18.07
;;;18.07
;;;18.078666666666667
;;;18.078666666666667
;;;18.087333333333333
;;;18.087333333333333
;;;18.096
;;;18.096
;;;18.104666666666667
;;;18.104666666666667
;;;18.113333333333333
0;60.502;63.337;18.113333333333333
;;;18.122
0;63.133;64.157;18.122
1;59.783;52.16;18.130666666666666
;;;18.130666666666666
;;;18.139333333333333
;;;18.139333333333333
;;;18.148
;;;18.148
;;;18.156666666666666
;;;18.156666666666666
;;;18.165333333333333
;;;18.165333333333333
;;;18.174
;;;18.174
;;;18.182666666666666
1;68.808;49.515;18.182666666666666
1;67.286;49.031;18.191333333333333
1;59.624;46.524;18.191333333333333
;;;18.2
1;59.638;46.302;18.2
1;59.922;46.877;18.208666666666666
;;;18.208666666666666
;;;18.217333333333332
;;;18.217333333333332
;;;18.226
;;;18.226
;;;18.234666666666666
;;;18.234666666666666
;;;18.243333333333332
;;;18.243333333333332
;;;18.252
1;75.14;66.244;18.252
;;;18.260666666666665
1;76.35;64.797;18.260666666666665
;;;18.269333333333332
;;;18.269333333333332
;;;18.278
;;;18.278
1;41.166;18.194;18.286666666666665
;;;18.286666666666665
1;37.208;18.052;18.295333333333332
;;;18.295333333333332
;;;18.304
;;;18.304
;;;18.312666666666665
;;;18.312666666666665
;;;18.32133333333333
;;;18.32133333333333
;;;18.33
;;;18.33
1;16.11;10.445;18.338666666666665
;;;18.338666666666665
1;14.025;11.631;18.347333333333335
;;;18.347333333333335
;;;18.356
1;12.091;13.379;18.356
1;10.365;15.458;18.36466666666667
0;74.271;60.071;18.36466666666667
0;72.95;62.272;18.373333333333335
1;8.937;17.44;18.373333333333335
1;8.448;19.019;18.382
;;;18.382
1;9.283;20.044;18.390666666666668
;;;18.390666666666668
1;10.646;20.597;18.399333333333335
;;;18.399333333333335
;;;18.408
1;11.628;20.903;18.408
;;;18.416666666666668
;;;18.416666666666668
;;;18.425333333333334
;;;18.425333333333334
;;;18.434
;;;18.434
;;;18.442666666666668
;;;18.442666666666668
;;;18.451333333333334
;;;18.451333333333334
;;;18.46
;;;18.46
;;;18.468666666666667
;;;18.468666666666667
;;;18.477333333333334
0;4.38;0.086;18.477333333333334
0;54.003;67.468;18.486
0;3.922;-1.966;18.486
0;54.119;67.446;18.494666666666667
;;;18.494666666666667
1;52.672;67.606;18.503333333333334
;;;18.503333333333334
;;;18.512
;;;18.512
;;;18.520666666666667
;;;18.520666666666667
1;47.849;61.06;18.529333333333334
;;;18.529333333333334
1;48.925;60.482;18.538
;;;18.538
;;;18.546666666666667
;;;18.546666666666667
;;;18.555333333333333
;;;18.555333333333333
;;;18.564
;;;18.564
1;52.543;47.942;18.572666666666667
;;;18.572666666666667
;;;18.581333333333333
;;;18.581333333333333
;;;18.59
;;;18.59
;;;18.598666666666666
;;;18.598666666666666
;;;18.607333333333333
;;;18.607333333333333
;;;18.616
;;;18.616
;;;18.624666666666666
;;;18.624666666666666
;;;18.633333333333333
;;;18.633333333333333
;;;18.642
;;;18.642
;;;18.650666666666666
;;;18.650666666666666
;;;18.659333333333333
1;64.083;16.938;18.659333333333333
;;;18.668
1;66.818;16.053;18.668
1;69.515;15.881;18.676666666666666
;;;18.676666666666666
;;;18.685333333333332
1;72.026;15.902;18.685333333333332
;;;18.694
;;;18.694
;;;18.702666666666666
;;;18.702666666666666
;;;18.711333333333332
;;;18.711333333333332
;;;18.72
;;;18.72
1;8.918;-0.076;18.728666666666665
;;;18.728666666666665
1;8.7;-0.187;18.737333333333332
;;;18.737333333333332
1;73.801;14.285;18.746
1;8.806;-0.066;18.746
;;;18.754666666666665
1;9.079;0.295;18.754666666666665
;;;18.763333333333332
1;9.227;0.704;18.763333333333332
;;;18.772
1;9.274;0.954;18.772
;;;18.780666666666665
1;9.279;1.021;18.780666666666665
;;;18.78933333333333
1;9.278;1.107;18.78933333333333
;;;18.798
1;9.261;1.131;18.798
;;;18.80666666666667
1;9.16;0.479;18.80666666666667
;;;18.815333333333335
1;8.942;-0.905;18.815333333333335
;;;18.824
;;;18.824
;;;18.832666666666668
;;;18.832666666666668
;;;18.841333333333335
;;;18.841333333333335
;;;18.85
;;;18.85
;;;18.858666666666668
0;73.966;32.743;18.858666666666668
;;;18.867333333333335
;;;18.867333333333335
;;;18.876
;;;18.876
;;;18.884666666666668
;;;18.884666666666668
;;;18.893333333333334
;;;18.893333333333334
0;2.764;11.591;18.902
;;;18.902
0;3.422;12.951;18.910666666666668
;;;18.910666666666668
;;;18.919333333333334
;;;18.919333333333334
;;;18.928
0;54.857;18.613;18.928
;;;18.936666666666667
0;52.556;17.483;18.936666666666667
;;;18.945333333333334
;;;18.945333333333334
;;;18.954
;;;18.954
;;;18.962666666666667
;;;18.962666666666667
;;;18.971333333333334
1;53.949;4.77;18.971333333333334
;;;18.98
1;56.883;2.374;18.98
;;;18.988666666666667
;;;18.988666666666667
;;;18.997333333333334
;;;18.997333333333334
;;;19.006
;;;19.006
;;;19.014666666666667
;;;19.014666666666667
;;;19.023333333333333
;;;19.023333333333333
;;;19.032
;;;19.032
;;;19.040666666666667
;;;19.040666666666667
;;;19.049333333333333
;;;19.049333333333333
1;60.871;15.3;19.058
;;;19.058
;;;19.066666666666666
1;59.598;17.74;19.066666666666666
1;58.357;20.0;19.075333333333333
;;;19.075333333333333
;;;19.084
1;57.31;21.802;19.084
1;39.945;26.718;19.092666666666666
1;56.726;23.19;19.092666666666666
;;;19.101333333333333
1;40.952;27.343;19.101333333333333
1;41.966;28.031;19.11
;;;19.11
;;;19.118666666666666
1;42.912;28.868;19.118666666666666
;;;19.127333333333333
;;;19.127333333333333
;;;19.136
1;61.766;47.11;19.136
;;;19.144666666666666
1;61.296;48.435;19.144666666666666
;;;19.153333333333332
1;60.671;49.076;19.153333333333332
1;59.899;48.644;19.162
;;;19.162
1;59.218;47.812;19.170666666666666
;;;19.170666666666666
1;58.959;47.351;19.179333333333332
;;;19.179333333333332
1;59.114;47.21;19.188
;;;19.188
;;;19.196666666666665
1;59.239;47.209;19.196666666666665
;;;19.205333333333332
1;58.951;47.756;19.205333333333332
;;;19.214
;;;19.214
1;88.585;58.967;19.222666666666665
;;;19.222666666666665
1;91.044;57.214;19.231333333333332
;;;19.231333333333332
;;;19.24
1;93.081;55.069;19.24
;;;19.248666666666665
1;94.278;53.006;19.248666666666665
;;;19.25733333333333
;;;19.25733333333333
;;;19.266
;;;19.266
;;;19.27466666666667
;;;19.27466666666667
1;73.289;55.257;19.283333333333335
;;;19.283333333333335
1;75.083;53.528;19.292
;;;19.292
;;;19.300666666666668
;;;19.300666666666668
;;;19.309333333333335
;;;19.309333333333335
1;67.886;48.592;19.318
;;;19.318
;;;19.326666666666668
1;68.172;48.028;19.326666666666668
1;68.759;47.593;19.335333333333335
;;;19.335333333333335
;;;19.344
;;;19.344
;;;19.352666666666668
;;;19.352666666666668
;;;19.361333333333334
;;;19.361333333333334
1;84.314;16.458;19.37
;;;19.37
;;;19.378666666666668
1;82.824;14.909;19.378666666666668
1;81.386;13.706;19.387333333333334
1;70.95;48.151;19.387333333333334
1;80.528;13.425;19.396
;;;19.396
;;;19.404666666666667
;;;19.404666666666667
;;;19.413333333333334
1;67.394;39.922;19.413333333333334
;;;19.422
1;67.295;38.498;19.422
;;;19.430666666666667
;;;19.430666666666667
;;;19.439333333333334
;;;19.439333333333334
;;;19.448
1;73.194;23.619;19.448
;;;19.456666666666667
1;66.515;24.039;19.456666666666667
;;;19.465333333333334
;;;19.465333333333334
;;;19.474
;;;19.474
;;;19.482666666666667
;;;19.482666666666667
;;;19.491333333333333
;;;19.491333333333333
;;;19.5
1;59.906;30.35;19.5
;;;19.508666666666667
1;60.875;30.449;19.508666666666667
;;;19.517333333333333
1;62.176;31.119;19.517333333333333
;;;19.526
1;63.697;32.398;19.526
;;;19.534666666666666
;;;19.534666666666666
;;;19.543333333333333
;;;19.543333333333333
;;;19.552
;;;19.552
;;;19.560666666666666
;;;19.560666666666666
;;;19.569333333333333
;;;19.569333333333333
;;;19.578
;;;19.578
1;84.376;64.384;19.586666666666666
1;10.205;60.081;19.586666666666666
1;84.321;64.305;19.595333333333333
1;8.171;59.425;19.595333333333333
1;7.199;57.577;19.604
;;;19.604
1;7.44;54.874;19.612666666666666
;;;19.612666666666666
1;8.413;52.394;19.621333333333332
;;;19.621333333333332
;;;19.63
1;9.266;51.391;19.63
1;9.536;51.671;19.638666666666666
;;;19.638666666666666
1;9.44;52.405;19.647333333333332
;;;19.647333333333332
1;8.973;53.135;19.656
0;98.305;50.573;19.656
1;8.399;53.094;19.664666666666665
0;100.472;49.438;19.664666666666665
0;11.361;52.858;19.673333333333332
;;;19.673333333333332
;;;19.682
0;13.208;52.157;19.682
;;;19.690666666666665
0;15.247;50.707;19.690666666666665
;;;19.699333333333332
;;;19.699333333333332
;;;19.708
;;;19.708
;;;19.716666666666665
;;;19.716666666666665
;;;19.72533333333333
;;;19.72533333333333
;;;19.734
;;;19.734
;;;19.74266666666667
;;;19.74266666666667
;;;19.751333333333335
1;44.183;47.342;19.751333333333335
1;43.334;47.822;19.76
;;;19.76
;;;19.768666666666668
;;;19.768666666666668
;;;19.777333333333335
;;;19.777333333333335
;;;19.786
;;;19.786
;;;19.794666666666668
;;;19.794666666666668
;;;19.803333333333335
;;;19.803333333333335
1;25.942;41.188;19.812
;;;19.812
1;25.899;39.194;19.820666666666668
;;;19.820666666666668
;;;19.829333333333334
;;;19.829333333333334
;;;19.838
;;;19.838
;;;19.846666666666668
;;;19.846666666666668
;;;19.855333333333334
;;;19.855333333333334
;;;19.864
;;;19.864
;;;19.872666666666667
;;;19.872666666666667
;;;19.881333333333334
;;;19.881333333333334
;;;19.89
;;;19.89
;;;19.898666666666667
;;;19.898666666666667
;;;19.907333333333334
;;;19.907333333333334
;;;19.916
;;;19.916
;;;19.924666666666667
;;;19.924666666666667
;;;19.933333333333334
;;;19.933333333333334
;;;19.942
;;;19.942
;;;19.950666666666667
;;;19.950666666666667
;;;19.959333333333333
;;;19.959333333333333
;;;19.968
;;;19.968
;;;19.976666666666667
;;;19.976666666666667
;;;19.985333333333333
;;;19.985333333333333
;;;19.994
;;;19.994
;;;20.002666666666666
;;;20.002666666666666
;;;20.011333333333333
;;;20.011333333333333
;;;20.02
;;;20.02
;;;20.028666666666666
;;;20.028666666666666
;;;20.037333333333333
;;;20.037333333333333
;;;20.046
;;;20.046
;;;20.054666666666666
;;;20.054666666666666
;;;20.063333333333333
;;;20.063333333333333
;;;20.072
;;;20.072
;;;20.080666666666666
;;;20.080666666666666
;;;20.089333333333332
;;;20.089333333333332
;;;20.098
;;;20.098
;;;20.106666666666666
0;43.923;11.118;20.106666666666666
0;42.31;11.232;20.115333333333332
;;;20.115333333333332
;;;20.124
0;40.72;12.291;20.124
;;;20.132666666666665
0;39.739;13.376;20.132666666666665
;;;20.141333333333332
;;;20.141333333333332
;;;20.15
;;;20.15
;;;20.158666666666665
;;;20.158666666666665
;;;20.167333333333332
1;39.983;17.016;20.167333333333332
;;;20.176
1;38.865;17.206;20.176
;;;20.184666666666665
;;;20.184666666666665
;;;20.19333333333333
;;;20.19333333333333
0;41.347;16.258;20.202
;;;20.202
;;;20.21066666666667
0;41.316;16.417;20.21066666666667
0;41.395;16.477;20.219333333333335
;;;20.219333333333335
0;41.531;16.433;20.228
;;;20.228
0;41.646;16.264;20.236666666666668
;;;20.236666666666668
;;;20.245333333333335
;;;20.245333333333335
;;;20.254
1;38.996;15.185;20.254
1;38.276;15.428;20.262666666666668
0;6.497;45.441;20.262666666666668
0;6.937;46.307;20.271333333333335
0;39.693;14.531;20.271333333333335
0;7.423;47.395;20.28
0;39.806;14.62;20.28
0;39.767;14.868;20.288666666666668
;;;20.288666666666668
0;39.548;15.299;20.297333333333334
;;;20.297333333333334
0;39.16;15.873;20.306
;;;20.306
;;;20.314666666666668
;;;20.314666666666668
;;;20.323333333333334
;;;20.323333333333334
;;;20.332
;;;20.332
;;;20.340666666666667
0;40.084;15.222;20.340666666666667
;;;20.349333333333334
0;39.87;15.329;20.349333333333334
;;;20.358
0;39.884;15.286;20.358
;;;20.366666666666667
0;39.906;15.18;20.366666666666667
;;;20.375333333333334
;;;20.375333333333334
;;;20.384
;;;20.384
;;;20.392666666666667
;;;20.392666666666667
;;;20.401333333333334
;;;20.401333333333334
0;31.359;2.234;20.41
;;;20.41
;;;20.418666666666667
;;;20.418666666666667
;;;20.427333333333333
;;;20.427333333333333
;;;20.436
;;;20.436
;;;20.444666666666667
;;;20.444666666666667
;;;20.453333333333333
;;;20.453333333333333
;;;20.462
;;;20.462
;;;20.470666666666666
;;;20.470666666666666
;;;20.479333333333333
;;;20.479333333333333
;;;20.488
;;;20.488
;;;20.496666666666666
;;;20.496666666666666
;;;20.505333333333333
;;;20.505333333333333
;;;20.514
1;46.734;22.088;20.514
;;;20.522666666666666
1;47.372;20.628;20.522666666666666
;;;20.531333333333333
;;;20.531333333333333
;;;20.54
;;;20.54
;;;20.548666666666666
;;;20.548666666666666
1;54.502;20.583;20.557333333333332
;;;20.557333333333332
;;;20.566
;;;20.566
;;;20.574666666666666
;;;20.574666666666666
;;;20.583333333333332
;;;20.583333333333332
1;59.413;28.933;20.592
;;;20.592
1;58.897;29.265;20.600666666666665
;;;20.600666666666665
1;58.534;29.517;20.609333333333332
;;;20.609333333333332
;;;20.618
;;;20.618
;;;20.626666666666665
;;;20.626666666666665
;;;20.63533333333333
;;;20.63533333333333
;;;20.644
;;;20.644
;;;20.652666666666665
;;;20.652666666666665
;;;20.661333333333335
;;;20.661333333333335
;;;20.67
;;;20.67
;;;20.67866666666667
;;;20.67866666666667
1;45.126;5.662;20.687333333333335
;;;20.687333333333335
1;44.246;5.124;20.696
;;;20.696
;;;20.704666666666668
;;;20.704666666666668
;;;20.713333333333335
;;;20.713333333333335
;;;20.722
;;;20.722
;;;20.730666666666668
;;;20.730666666666668
;;;20.739333333333335
;;;20.739333333333335
;;;20.748
1;45.354;12.363;20.748
;;;20.756666666666668
;;;20.756666666666668
;;;20.765333333333334
;;;20.765333333333334
;;;20.774
;;;20.774
;;;20.782666666666668
;;;20.782666666666668
;;;20.791333333333334
;;;20.791333333333334
;;;20.8
;;;20.8
;;;20.808666666666667
;;;20.808666666666667
;;;20.817333333333334
;;;20.817333333333334
;;;20.826
;;;20.826
;;;20.834666666666667
;;;20.834666666666667
;;;20.843333333333334
;;;20.843333333333334
;;;20.852
;;;20.852
;;;20.860666666666667
;;;20.860666666666667
;;;20.869333333333334
;;;20.869333333333334
;;;20.878
;;;20.878
;;;20.886666666666667
;;;20.886666666666667
;;;20.895333333333333
;;;20.895333333333333
;;;20.904
;;;20.904
1;51.009;49.767;20.912666666666667
;;;20.912666666666667
1;52.223;49.769;20.921333333333333
;;;20.921333333333333
;;;20.93
;;;20.93
;;;20.938666666666666
;;;20.938666666666666
;;;20.947333333333333
;;;20.947333333333333
;;;20.956
;;;20.956
1;64.347;35.706;20.964666666666666
;;;20.964666666666666
;;;20.973333333333333
;;;20.973333333333333
;;;20.982
;;;20.982
;;;20.990666666666666
;;;20.990666666666666
;;;20.999333333333333
;;;20.999333333333333
;;;21.008
1;85.957;16.502;21.008
;;;21.016666666666666
1;88.424;17.13;21.016666666666666
;;;21.025333333333332
1;90.374;18.475;21.025333333333332
;;;21.034
1;91.734;20.459;21.034
;;;21.042666666666666
;;;21.042666666666666
;;;21.051333333333332
;;;21.051333333333332
;;;21.06
;;;21.06
;;;21.068666666666665
;;;21.068666666666665
;;;21.077333333333332
;;;21.077333333333332
;;;21.086
;;;21.086
;;;21.094666666666665
;;;21.094666666666665
;;;21.10333333333333
;;;21.10333333333333
;;;21.112
;;;21.112
;;;21.120666666666665
;;;21.120666666666665
;;;21.129333333333335
;;;21.129333333333335
;;;21.138
;;;21.138
;;;21.14666666666667
;;;21.14666666666667
;;;21.155333333333335
;;;21.155333333333335
;;;21.164
;;;21.164
;;;21.172666666666668
;;;21.172666666666668
;;;21.181333333333335
;;;21.181333333333335
;;;21.19
;;;21.19
;;;21.198666666666668
;;;21.198666666666668
;;;21.207333333333334
1;106.299;0.541;21.207333333333334
1;106.286;0.519;21.216
;;;21.216
;;;21.224666666666668
1;105.828;0.782;21.224666666666668
;;;21.233333333333334
1;105.212;0.998;21.233333333333334
;;;21.242
1;104.584;1.208;21.242
1;104.13;1.384;21.250666666666667
;;;21.250666666666667
1;104.014;1.386;21.259333333333334
;;;21.259333333333334
1;104.126;1.237;21.268
;;;21.268
;;;21.276666666666667
1;104.197;1.157;21.276666666666667
1;104.162;1.211;21.285333333333334
;;;21.285333333333334
1;104.209;1.234;21.294
;;;21.294
;;;21.302666666666667
1;104.495;1.147;21.302666666666667
1;105.021;0.936;21.311333333333334
;;;21.311333333333334
;;;21.32
1;105.616;0.637;21.32
1;106.156;0.282;21.328666666666667
;;;21.328666666666667
1;106.528;-0.023;21.337333333333333
;;;21.337333333333333
;;;21.346
;;;21.346
;;;21.354666666666667
;;;21.354666666666667
;;;21.363333333333333
;;;21.363333333333333
;;;21.372
;;;21.372
;;;21.380666666666666
;;;21.380666666666666
;;;21.389333333333333
1;105.044;0.261;21.389333333333333
;;;21.398
1;104.855;0.257;21.398
;;;21.406666666666666
;;;21.406666666666666
;;;21.415333333333333
;;;21.415333333333333
;;;21.424
;;;21.424
;;;21.432666666666666
;;;21.432666666666666
;;;21.441333333333333
;;;21.441333333333333
;;;21.45
;;;21.45
;;;21.458666666666666
;;;21.458666666666666
;;;21.467333333333332
;;;21.467333333333332
;;;21.476
;;;21.476
;;;21.484666666666666
;;;21.484666666666666
;;;21.493333333333332
;;;21.493333333333332
;;;21.502
;;;21.502
;;;21.510666666666665
;;;21.510666666666665
;;;21.519333333333332
;;;21.519333333333332
;;;21.528
;;;21.528
;;;21.536666666666665
;;;21.536666666666665
;;;21.545333333333332
;;;21.545333333333332
;;;21.554
;;;21.554
;;;21.562666666666665
;;;21.562666666666665
;;;21.57133333333333
;;;21.57133333333333
;;;21.58
1;56.366;40.838;21.58
;;;21.588666666666665
1;57.124;42.626;21.588666666666665
1;58.745;44.316;21.597333333333335
;;;21.597333333333335
1;60.816;45.906;21.606
;;;21.606
1;62.723;47.555;21.61466666666667
;;;21.61466666666667
1;64.29;49.199;21.623333333333335
;;;21.623333333333335
1;65.643;50.622;21.632
;;;21.632
;;;21.640666666666668
;;;21.640666666666668
;;;21.649333333333335
;;;21.649333333333335
;;;21.658
;;;21.658
;;;21.666666666666668
;;;21.666666666666668
;;;21.675333333333334
;;;21.675333333333334
1;79.085;67.543;21.684
;;;21.684
;;;21.692666666666668
;;;21.692666666666668
;;;21.701333333333334
;;;21.701333333333334
;;;21.71
;;;21.71
;;;21.718666666666667
1;72.517;60.323;21.718666666666667
;;;21.727333333333334
;;;21.727333333333334
;;;21.736
;;;21.736
;;;21.744666666666667
;;;21.744666666666667
;;;21.753333333333334
;;;21.753333333333334
;;;21.762
;;;21.762
;;;21.770666666666667
;;;21.770666666666667
;;;21.779333333333334
;;;21.779333333333334
;;;21.788
;;;21.788
;;;21.796666666666667
;;;21.796666666666667
;;;21.805333333333333
;;;21.805333333333333
;;;21.814
;;;21.814
1;80.863;63.029;21.822666666666667
;;;21.822666666666667
1;80.157;62.605;21.831333333333333
;;;21.831333333333333
;;;21.84
;;;21.84
;;;21.848666666666666
;;;21.848666666666666
;;;21.857333333333333
;;;21.857333333333333
1;79.867;54.844;21.866
;;;21.866
;;;21.874666666666666
1;80.457;54.24;21.874666666666666
;;;21.883333333333333
1;80.875;54.193;21.883333333333333
;;;21.892
;;;21.892
;;;21.900666666666666
;;;21.900666666666666
;;;21.909333333333333
;;;21.909333333333333
1;85.758;66.9;21.918
;;;21.918
;;;21.926666666666666
1;85.27;66.614;21.926666666666666
;;;21.935333333333332
;;;21.935333333333332
;;;21.944
;;;21.944
;;;21.952666666666666
;;;21.952666666666666
;;;21.961333333333332
;;;21.961333333333332
;;;21.97
1;71.109;50.42;21.97
1;70.714;49.082;21.978666666666665
;;;21.978666666666665
;;;21.987333333333332
;;;21.987333333333332
;;;21.996
;;;21.996
;;;22.004666666666665
;;;22.004666666666665
;;;22.013333333333332
;;;22.013333333333332
;;;22.022
;;;22.022
;;;22.030666666666665
;;;22.030666666666665
;;;22.03933333333333
;;;22.03933333333333
;;;22.048
;;;22.048
;;;22.05666666666667
;;;22.05666666666667
;;;22.065333333333335
;;;22.065333333333335
;;;22.074
;;;22.074
;;;22.082666666666668
;;;22.082666666666668
;;;22.091333333333335
;;;22.091333333333335
;;;22.1
;;;22.1
;;;22.108666666666668
;;;22.108666666666668
;;;22.117333333333335
;;;22.117333333333335
;;;22.126
;;;22.126
;;;22.134666666666668
;;;22.134666666666668
;;;22.143333333333334
;;;22.143333333333334
0;61.296;5.334;22.152
;;;22.152
;;;22.160666666666668
;;;22.160666666666668
;;;22.169333333333334
;;;22.169333333333334
;;;22.178
;;;22.178
;;;22.186666666666667
;;;22.186666666666667
;;;22.195333333333334
;;;22.195333333333334
;;;22.204
1;92.093;20.442;22.204
;;;22.212666666666667
;;;22.212666666666667
;;;22.221333333333334
;;;22.221333333333334
;;;22.23
;;;22.23
;;;22.238666666666667
;;;22.238666666666667
;;;22.247333333333334
;;;22.247333333333334
;;;22.256
;;;22.256
;;;22.264666666666667
1;73.629;4.653;22.264666666666667
;;;22.273333333333333
;;;22.273333333333333
;;;22.282
;;;22.282
;;;22.290666666666667
;;;22.290666666666667
;;;22.299333333333333
;;;22.299333333333333
1;56.692;5.231;22.308
;;;22.308
;;;22.316666666666666
;;;22.316666666666666
0;53.254;4.692;22.325333333333333
;;;22.325333333333333
;;;22.334
0;51.872;4.694;22.334
;;;22.342666666666666
0;50.108;4.014;22.342666666666666
;;;22.351333333333333
;;;22.351333333333333
;;;22.36
;;;22.36
;;;22.368666666666666
;;;22.368666666666666
;;;22.377333333333333
;;;22.377333333333333
;;;22.386
;;;22.386
;;;22.394666666666666
;;;22.394666666666666
;;;22.403333333333332
;;;22.403333333333332
;;;22.412
;;;22.412
;;;22.420666666666666
;;;22.420666666666666
;;;22.429333333333332
;;;22.429333333333332
;;;22.438
;;;22.438
;;;22.446666666666665
;;;22.446666666666665
0;27.552;42.311;22.455333333333332
;;;22.455333333333332
;;;22.464
0;29.593;43.652;22.464
;;;22.472666666666665
;;;22.472666666666665
;;;22.481333333333332
;;;22.481333333333332
;;;22.49
;;;22.49
;;;22.498666666666665
;;;22.498666666666665
0;38.737;43.14;22.50733333333333
;;;22.50733333333333
;;;22.516
0;39.948;44.311;22.516
;;;22.52466666666667
;;;22.52466666666667
1;58.726;60.631;22.533333333333335
;;;22.533333333333335
;;;22.542
1;59.433;59.113;22.542
;;;22.550666666666668
1;60.16;57.626;22.550666666666668
;;;22.559333333333335
1;60.755;56.344;22.559333333333335
;;;22.568
;;;22.568
;;;22.576666666666668
;;;22.576666666666668
;;;22.585333333333335
;;;22.585333333333335
;;;22.594
0;30.986;25.162;22.594
;;;22.602666666666668
;;;22.602666666666668
;;;22.611333333333334
;;;22.611333333333334
;;;22.62
;;;22.62
;;;22.628666666666668
0;36.443;9.106;22.628666666666668
0;38.345;8.931;22.637333333333334
;;;22.637333333333334
;;;22.646
;;;22.646
;;;22.654666666666667
;;;22.654666666666667
;;;22.663333333333334
1;73.82;11.306;22.663333333333334
;;;22.672
;;;22.672
;;;22.680666666666667
0;47.422;19.142;22.680666666666667
0;48.979;21.087;22.689333333333334
;;;22.689333333333334
;;;22.698
1;84.531;2.068;22.698
;;;22.706666666666667
1;86.216;2.665;22.706666666666667
;;;22.715333333333334
1;87.787;3.823;22.715333333333334
;;;22.724
1;89.006;5.535;22.724
;;;22.732666666666667
1;89.975;7.277;22.732666666666667
1;90.704;8.806;22.741333333333333
;;;22.741333333333333
1;91.432;10.146;22.75
;;;22.75
;;;22.758666666666667
;;;22.758666666666667
;;;22.767333333333333
;;;22.767333333333333
;;;22.776
;;;22.776
;;;22.784666666666666
;;;22.784666666666666
;;;22.793333333333333
;;;22.793333333333333
;;;22.802
;;;22.802
;;;22.810666666666666
;;;22.810666666666666
;;;22.819333333333333
;;;22.819333333333333
;;;22.828
;;;22.828
;;;22.836666666666666
;;;22.836666666666666
;;;22.845333333333333
1;103.248;31.418;22.845333333333333
;;;22.854
;;;22.854
;;;22.862666666666666
;;;22.862666666666666
;;;22.871333333333332
;;;22.871333333333332
;;;22.88
;;;22.88
;;;22.888666666666666
;;;22.888666666666666
;;;22.897333333333332
;;;22.897333333333332
0;90.623;7.258;22.906
;;;22.906
0;92.133;7.249;22.914666666666665
1;93.767;33.318;22.914666666666665
;;;22.923333333333332
1;91.845;33.069;22.923333333333332
;;;22.932
;;;22.932
;;;22.940666666666665
;;;22.940666666666665
;;;22.949333333333332
;;;22.949333333333332
;;;22.958
;;;22.958
;;;22.966666666666665
;;;22.966666666666665
;;;22.97533333333333
;;;22.97533333333333
;;;22.984
;;;22.984
;;;22.99266666666667
;;;22.99266666666667
;;;23.001333333333335
;;;23.001333333333335
;;;23.01
;;;23.01
0;98.178;67.557;23.018666666666668
;;;23.018666666666668
;;;23.027333333333335
0;98.81;67.181;23.027333333333335
;;;23.036
0;99.881;66.805;23.036
;;;23.044666666666668
0;101.223;66.456;23.044666666666668
;;;23.053333333333335
0;102.093;66.517;23.053333333333335
;;;23.062
0;102.324;66.931;23.062
;;;23.070666666666668
0;102.378;66.965;23.070666666666668
0;102.307;66.399;23.079333333333334
;;;23.079333333333334
;;;23.088
1;103.392;66.66;23.088
;;;23.096666666666668
;;;23.096666666666668
;;;23.105333333333334
;;;23.105333333333334
;;;23.114
;;;23.114
;;;23.122666666666667
;;;23.122666666666667
;;;23.131333333333334
;;;23.131333333333334
;;;23.14
;;;23.14
;;;23.148666666666667
;;;23.148666666666667
0;67.329;56.82;23.157333333333334
;;;23.157333333333334
;;;23.166
;;;23.166
;;;23.174666666666667
;;;23.174666666666667
;;;23.183333333333334
;;;23.183333333333334
;;;23.192
;;;23.192
;;;23.200666666666667
0;64.698;39.246;23.200666666666667
;;;23.209333333333333
0;64.231;40.048;23.209333333333333
;;;23.218
;;;23.218
;;;23.226666666666667
;;;23.226666666666667
;;;23.235333333333333
;;;23.235333333333333
;;;23.244
;;;23.244
;;;23.252666666666666
;;;23.252666666666666
;;;23.261333333333333
;;;23.261333333333333
;;;23.27
;;;23.27
;;;23.278666666666666
;;;23.278666666666666
;;;23.287333333333333
;;;23.287333333333333
;;;23.296
0;68.433;31.499;23.296
;;;23.304666666666666
;;;23.304666666666666
;;;23.313333333333333
;;;23.313333333333333
;;;23.322
;;;23.322
;;;23.330666666666666
;;;23.330666666666666
;;;23.339333333333332
;;;23.339333333333332
;;;23.348
;;;23.348
;;;23.356666666666666
;;;23.356666666666666
;;;23.365333333333332
;;;23.365333333333332
;;;23.374
;;;23.374
;;;23.382666666666665
;;;23.382666666666665
;;;23.391333333333332
;;;23.391333333333332
;;;23.4
;;;23.4
;;;23.408666666666665
1;52.609;4.596;23.408666666666665
;;;23.417333333333332
;;;23.417333333333332
;;;23.426
;;;23.426
;;;23.434666666666665
;;;23.434666666666665
;;;23.44333333333333
;;;23.44333333333333
;;;23.452
;;;23.452
;;;23.46066666666667
;;;23.46066666666667
;;;23.469333333333335
1;66.373;19.569;23.469333333333335
;;;23.478
1;67.254;21.031;23.478
;;;23.486666666666668
1;66.889;23.181;23.486666666666668
;;;23.495333333333335
1;66.227;26.025;23.495333333333335
;;;23.504
1;66.566;28.93;23.504
;;;23.512666666666668
1;68.274;31.39;23.512666666666668
;;;23.521333333333335
;;;23.521333333333335
;;;23.53
1;45.256;10.834;23.53
;;;23.538666666666668
;;;23.538666666666668
;;;23.547333333333334
;;;23.547333333333334
;;;23.556
;;;23.556
;;;23.564666666666668
;;;23.564666666666668
;;;23.573333333333334
;;;23.573333333333334
;;;23.582
;;;23.582
;;;23.590666666666667
;;;23.590666666666667
;;;23.599333333333334
;;;23.599333333333334
;;;23.608
;;;23.608
;;;23.616666666666667
;;;23.616666666666667
;;;23.625333333333334
;;;23.625333333333334
;;;23.634
;;;23.634
;;;23.642666666666667
;;;23.642666666666667
;;;23.651333333333334
;;;23.651333333333334
;;;23.66
;;;23.66
;;;23.668666666666667
;;;23.668666666666667
;;;23.677333333333333
;;;23.677333333333333
;;;23.686
;;;23.686
;;;23.694666666666667
;;;23.694666666666667
;;;23.703333333333333
;;;23.703333333333333
;;;23.712
;;;23.712
;;;23.720666666666666
;;;23.720666666666666
;;;23.729333333333333
;;;23.729333333333333
;;;23.738
;;;23.738
;;;23.746666666666666
;;;23.746666666666666
;;;23.755333333333333
;;;23.755333333333333
;;;23.764
;;;23.764
;;;23.772666666666666
;;;23.772666666666666
;;;23.781333333333333
;;;23.781333333333333
;;;23.79
;;;23.79
;;;23.798666666666666
;;;23.798666666666666
;;;23.807333333333332
;;;23.807333333333332
;;;23.816
;;;23.816
0;12.162;42.464;23.824666666666666
;;;23.824666666666666
0;14.212;43.469;23.833333333333332
;;;23.833333333333332
0;16.2;44.584;23.842
;;;23.842
;;;23.850666666666665
0;17.948;45.613;23.850666666666665
0;19.358;46.611;23.859333333333332
;;;23.859333333333332
0;20.479;47.779;23.868
;;;23.868
;;;23.876666666666665
;;;23.876666666666665
;;;23.88533333333333
;;;23.88533333333333
;;;23.894
;;;23.894
;;;23.902666666666665
;;;23.902666666666665
;;;23.911333333333335
;;;23.911333333333335
;;;23.92
;;;23.92
;;;23.92866666666667
;;;23.92866666666667
;;;23.937333333333335
;;;23.937333333333335
;;;23.946
;;;23.946
;;;23.954666666666668
;;;23.954666666666668
;;;23.963333333333335
;;;23.963333333333335
;;;23.972
;;;23.972
;;;23.980666666666668
;;;23.980666666666668
;;;23.989333333333335
;;;23.989333333333335
;;;23.998
;;;23.998
;;;24.006666666666668
;;;24.006666666666668
;;;24.015333333333334
;;;24.015333333333334
;;;24.024
;;;24.024
;;;24.032666666666668
;;;24.032666666666668
;;;24.041333333333334
;;;24.041333333333334
;;;24.05
;;;24.05
;;;24.058666666666667
;;;24.058666666666667
;;;24.067333333333334
;;;24.067333333333334
;;;24.076
;;;24.076
;;;24.084666666666667
;;;24.084666666666667
;;;24.093333333333334
0;43.556;-0.981;24.093333333333334
;;;24.102
0;43.489;-1.382;24.102
;;;24.110666666666667
;;;24.110666666666667
;;;24.119333333333334
;;;24.119333333333334
;;;24.128
;;;24.128
;;;24.136666666666667
;;;24.136666666666667
0;45.313;2.172;24.145333333333333
;;;24.145333333333333
1;74.537;25.728;24.154
0;46.235;3.093;24.154
;;;24.162666666666667
1;74.092;25.459;24.162666666666667
;;;24.171333333333333
1;73.532;25.202;24.171333333333333
;;;24.18
1;73.229;25.351;24.18
;;;24.188666666666666
0;63.95;11.114;24.188666666666666
;;;24.197333333333333
;;;24.197333333333333
;;;24.206
;;;24.206
;;;24.214666666666666
1;70.86;35.554;24.214666666666666
;;;24.223333333333333
1;69.172;35.971;24.223333333333333
1;67.636;36.392;24.232
0;68.889;29.768;24.232
1;66.588;36.772;24.240666666666666
;;;24.240666666666666
;;;24.249333333333333
;;;24.249333333333333
;;;24.258
;;;24.258
;;;24.266666666666666
;;;24.266666666666666
;;;24.275333333333332
;;;24.275333333333332
;;;24.284
;;;24.284
;;;24.292666666666666
;;;24.292666666666666
;;;24.301333333333332
;;;24.301333333333332
;;;24.31
;;;24.31
;;;24.318666666666665
0;85.757;11.136;24.318666666666665
0;85.183;10.697;24.327333333333332
1;42.567;1.622;24.327333333333332
1;41.309;2.241;24.336
;;;24.336
1;41.252;2.101;24.344666666666665
;;;24.344666666666665
1;42.371;2.273;24.35333333333333
;;;24.35333333333333
1;44.052;2.748;24.362
;;;24.362
1;46.075;3.433;24.370666666666665
;;;24.370666666666665
;;;24.379333333333335
;;;24.379333333333335
;;;24.388
;;;24.388
;;;24.39666666666667
;;;24.39666666666667
;;;24.405333333333335
;;;24.405333333333335
;;;24.414
;;;24.414
;;;24.422666666666668
;;;24.422666666666668
;;;24.431333333333335
;;;24.431333333333335
;;;24.44
;;;24.44
1;61.573;44.733;24.448666666666668
;;;24.448666666666668
;;;24.457333333333334
;;;24.457333333333334
;;;24.466
;;;24.466
;;;24.474666666666668
;;;24.474666666666668
;;;24.483333333333334
;;;24.483333333333334
;;;24.492
;;;24.492
;;;24.500666666666667
;;;24.500666666666667
;;;24.509333333333334
;;;24.509333333333334
;;;24.518
;;;24.518
;;;24.526666666666667
;;;24.526666666666667
;;;24.535333333333334
;;;24.535333333333334
;;;24.544
;;;24.544
;;;24.552666666666667
;;;24.552666666666667
;;;24.561333333333334
;;;24.561333333333334
1;65.821;53.372;24.57
;;;24.57
;;;24.578666666666667
;;;24.578666666666667
;;;24.587333333333333
;;;24.587333333333333
;;;24.596
;;;24.596
;;;24.604666666666667
;;;24.604666666666667
;;;24.613333333333333
;;;24.613333333333333
;;;24.622
;;;24.622
;;;24.630666666666666
1;58.288;43.601;24.630666666666666
;;;24.639333333333333
1;58.069;42.427;24.639333333333333
;;;24.648
1;57.875;40.612;24.648
;;;24.656666666666666
1;56.954;39.298;24.656666666666666
1;55.243;39.471;24.665333333333333
;;;24.665333333333333
1;53.284;40.855;24.674
;;;24.674
1;51.29;42.394;24.682666666666666
;;;24.682666666666666
1;49.279;43.33;24.691333333333333
;;;24.691333333333333
;;;24.7
1;62.966;53.625;24.7
;;;24.708666666666666
;;;24.708666666666666
;;;24.717333333333332
;;;24.717333333333332
;;;24.726
;;;24.726
;;;24.734666666666666
1;52.588;48.811;24.734666666666666
1;54.045;46.885;24.743333333333332
;;;24.743333333333332
;;;24.752
1;55.918;45.478;24.752
1;74.6;65.75;24.760666666666665
;;;24.760666666666665
1;75.315;65.432;24.769333333333332
;;;24.769333333333332
;;;24.778
;;;24.778
;;;24.786666666666665
;;;24.786666666666665
1;85.056;65.873;24.795333333333332
;;;24.795333333333332
;;;24.804
;;;24.804
;;;24.812666666666665
;;;24.812666666666665
;;;24.82133333333333
;;;24.82133333333333
;;;24.83
;;;24.83
;;;24.838666666666665
;;;24.838666666666665
;;;24.847333333333335
;;;24.847333333333335
;;;24.856
;;;24.856
;;;24.86466666666667
;;;24.86466666666667
;;;24.873333333333335
;;;24.873333333333335
;;;24.882
;;;24.882
;;;24.890666666666668
;;;24.890666666666668
;;;24.899333333333335
;;;24.899333333333335
;;;24.908
;;;24.908
;;;24.916666666666668
;;;24.916666666666668
;;;24.925333333333334
;;;24.925333333333334
;;;24.934
;;;24.934
;;;24.942666666666668
;;;24.942666666666668
;;;24.951333333333334
;;;24.951333333333334
;;;24.96
0;64.644;59.266;24.96
;;;24.968666666666667
;;;24.968666666666667
;;;24.977333333333334
;;;24.977333333333334
;;;24.986
;;;24.986
;;;24.994666666666667
;;;24.994666666666667
;;;25.003333333333334
;;;25.003333333333334
;;;25.012
;;;25.012
;;;25.020666666666667
;;;25.020666666666667
1;87.227;50.626;25.029333333333334
;;;25.029333333333334
1;85.776;50.645;25.038
;;;25.038
1;84.826;50.647;25.046666666666667
;;;25.046666666666667
1;80.735;52.378;25.055333333333333
;;;25.055333333333333
;;;25.064
;;;25.064
;;;25.072666666666667
;;;25.072666666666667
1;68.201;49.466;25.081333333333333
;;;25.081333333333333
1;64.83;48.907;25.09
;;;25.09
;;;25.098666666666666
1;61.952;48.975;25.098666666666666
1;60.028;50.326;25.107333333333333
;;;25.107333333333333
;;;25.116
;;;25.116
;;;25.124666666666666
;;;25.124666666666666
;;;25.133333333333333
;;;25.133333333333333
;;;25.142
;;;25.142
1;42.71;65.051;25.150666666666666
;;;25.150666666666666
;;;25.159333333333333
;;;25.159333333333333
;;;25.168
;;;25.168
;;;25.176666666666666
;;;25.176666666666666
1;30.547;63.678;25.185333333333332
;;;25.185333333333332
1;28.539;62.78;25.194
;;;25.194
1;27.804;61.223;25.202666666666666
;;;25.202666666666666
;;;25.211333333333332
;;;25.211333333333332
;;;25.22
;;;25.22
;;;25.228666666666665
;;;25.228666666666665
;;;25.237333333333332
;;;25.237333333333332
;;;25.246
;;;25.246
;;;25.254666666666665
;;;25.254666666666665
;;;25.263333333333332
;;;25.263333333333332
;;;25.272
;;;25.272
;;;25.280666666666665
;;;25.280666666666665
;;;25.28933333333333
1;24.782;22.609;25.28933333333333
1;22.593;22.422;25.298
;;;25.298
;;;25.30666666666667
;;;25.30666666666667
;;;25.315333333333335
;;;25.315333333333335
;;;25.324
0;98.471;32.561;25.324
0;97.579;32.334;25.332666666666668
;;;25.332666666666668
;;;25.341333333333335
;;;25.341333333333335
;;;25.35
1;4.62;20.936;25.35
;;;25.358666666666668
;;;25.358666666666668
;;;25.367333333333335
;;;25.367333333333335
;;;25.376
;;;25.376
;;;25.384666666666668
;;;25.384666666666668
;;;25.393333333333334
;;;25.393333333333334
;;;25.402
;;;25.402
;;;25.410666666666668
;;;25.410666666666668
;;;25.419333333333334
;;;25.419333333333334
;;;25.428
;;;25.428
;;;25.436666666666667
;;;25.436666666666667
;;;25.445333333333334
;;;25.445333333333334
;;;25.454
;;;25.454
;;;25.462666666666667
;;;25.462666666666667
;;;25.471333333333334
;;;25.471333333333334
;;;25.48
;;;25.48
;;;25.488666666666667
;;;25.488666666666667
;;;25.497333333333334
;;;25.497333333333334
;;;25.506
;;;25.506
;;;25.514666666666667
;;;25.514666666666667
;;;25.523333333333333
;;;25.523333333333333
;;;25.532
;;;25.532
;;;25.540666666666667
;;;25.540666666666667
;;;25.549333333333333
;;;25.549333333333333
;;;25.558
;;;25.558
;;;25.566666666666666
;;;25.566666666666666
;;;25.575333333333333
;;;25.575333333333333
;;;25.584
;;;25.584
;;;25.592666666666666
;;;25.592666666666666
;;;25.601333333333333
;;;25.601333333333333
;;;25.61
;;;25.61
;;;25.618666666666666
;;;25.618666666666666
;;;25.627333333333333
;;;25.627333333333333
;;;25.636
;;;25.636
;;;25.644666666666666
;;;25.644666666666666
1;-0.089;1.696;25.653333333333332
;;;25.653333333333332
1;0.022;1.19;25.662
;;;25.662
1;0.058;0.723;25.670666666666666
;;;25.670666666666666
1;0.054;0.374;25.679333333333332
;;;25.679333333333332
1;0.049;0.229;25.688
;;;25.688
1;0.05;0.2;25.696666666666665
;;;25.696666666666665
1;0.048;0.183;25.705333333333332
;;;25.705333333333332
1;0.041;0.349;25.714
;;;25.714
1;0.051;0.942;25.722666666666665
;;;25.722666666666665
1;0.068;1.794;25.731333333333332
;;;25.731333333333332
1;-0.05;2.367;25.74
;;;25.74
;;;25.748666666666665
1;-0.474;2.25;25.748666666666665
;;;25.75733333333333
1;-1.08;1.681;25.75733333333333
1;-1.534;1.164;25.766
;;;25.766
1;-1.639;0.931;25.77466666666667
;;;25.77466666666667
1;-1.531;0.879;25.783333333333335
;;;25.783333333333335
;;;25.792
1;-1.4;0.85;25.792
1;-1.285;0.801;25.800666666666668
;;;25.800666666666668
;;;25.809333333333335
1;-1.194;0.753;25.809333333333335
1;-1.179;0.74;25.818
;;;25.818
1;-1.186;0.746;25.826666666666668
;;;25.826666666666668
1;-0.932;0.673;25.835333333333335
;;;25.835333333333335
1;-0.357;0.455;25.844
;;;25.844
;;;25.852666666666668
;;;25.852666666666668
;;;25.861333333333334
;;;25.861333333333334
;;;25.87
;;;25.87
;;;25.878666666666668
;;;25.878666666666668
;;;25.887333333333334
;;;25.887333333333334
;;;25.896
;;;25.896
;;;25.904666666666667
;;;25.904666666666667
;;;25.913333333333334
;;;25.913333333333334
;;;25.922
;;;25.922
;;;25.930666666666667
;;;25.930666666666667
;;;25.939333333333334
;;;25.939333333333334
;;;25.948
;;;25.948
;;;25.956666666666667
;;;25.956666666666667
;;;25.965333333333334
;;;25.965333333333334
;;;25.974
;;;25.974
;;;25.982666666666667
;;;25.982666666666667
;;;25.991333333333333
;;;25.991333333333333
;;;26.0
;;;26.0
;;;26.008666666666667
;;;26.008666666666667
;;;26.017333333333333
;;;26.017333333333333
;;;26.026
;;;26.026
;;;26.034666666666666
;;;26.034666666666666
;;;26.043333333333333
;;;26.043333333333333
;;;26.052
;;;26.052
;;;26.060666666666666
1;12.704;43.597;26.060666666666666
1;11.472;43.282;26.069333333333333
;;;26.069333333333333
;;;26.078
;;;26.078
;;;26.086666666666666
;;;26.086666666666666
0;51.438;0.96;26.095333333333333
0;14.152;52.391;26.095333333333333
0;51.402;1.045;26.104
0;14.765;55.401;26.104
0;51.357;1.247;26.112666666666666
0;16.009;58.097;26.112666666666666
0;51.331;1.312;26.121333333333332
;;;26.121333333333332
0;51.392;0.927;26.13
;;;26.13
0;51.546;0.17;26.138666666666666
;;;26.138666666666666
0;51.659;-0.385;26.147333333333332
0;24.238;64.64;26.147333333333332
;;;26.156
0;24.754;65.45;26.156
;;;26.164666666666665
1;27.186;67.285;26.164666666666665
1;29.612;67.007;26.173333333333332
;;;26.173333333333332
;;;26.182
1;32.125;65.959;26.182
;;;26.190666666666665
;;;26.190666666666665
;;;26.199333333333332
;;;26.199333333333332
;;;26.208
;;;26.208
;;;26.216666666666665
;;;26.216666666666665
;;;26.22533333333333
;;;26.22533333333333
1;23.143;64.404;26.234
;;;26.234
1;22.708;63.556;26.24266666666667
;;;26.24266666666667
;;;26.251333333333335
;;;26.251333333333335
;;;26.26
;;;26.26
;;;26.268666666666668
;;;26.268666666666668
;;;26.277333333333335
;;;26.277333333333335
;;;26.286
;;;26.286
;;;26.294666666666668
;;;26.294666666666668
;;;26.303333333333335
;;;26.303333333333335
;;;26.312
;;;26.312
;;;26.320666666666668
;;;26.320666666666668
;;;26.329333333333334
;;;26.329333333333334
;;;26.338
;;;26.338
;;;26.346666666666668
;;;26.346666666666668
;;;26.355333333333334
;;;26.355333333333334
;;;26.364
;;;26.364
;;;26.372666666666667
0;86.145;38.308;26.372666666666667
;;;26.381333333333334
;;;26.381333333333334
;;;26.39
;;;26.39
;;;26.398666666666667
;;;26.398666666666667
;;;26.407333333333334
1;5.583;7.54;26.407333333333334
;;;26.416
0;89.319;15.65;26.416
;;;26.424666666666667
0;88.371;14.373;26.424666666666667
0;87.232;12.928;26.433333333333334
;;;26.433333333333334
;;;26.442
0;4.457;18.164;26.442
0;4.493;19.854;26.450666666666667
;;;26.450666666666667
0;4.775;20.831;26.459333333333333
;;;26.459333333333333
;;;26.468
;;;26.468
;;;26.476666666666667
;;;26.476666666666667
;;;26.485333333333333
;;;26.485333333333333
;;;26.494
;;;26.494
;;;26.502666666666666
;;;26.502666666666666
1;31.519;30.985;26.511333333333333
;;;26.511333333333333
;;;26.52
1;29.428;33.094;26.52
1;27.947;35.674;26.528666666666666
;;;26.528666666666666
1;26.554;37.685;26.537333333333333
;;;26.537333333333333
1;25.022;38.673;26.546
;;;26.546
1;23.438;38.967;26.554666666666666
0;20.269;27.796;26.554666666666666
;;;26.563333333333333
;;;26.563333333333333
;;;26.572
;;;26.572
;;;26.580666666666666
;;;26.580666666666666
;;;26.589333333333332
;;;26.589333333333332
;;;26.598
;;;26.598
;;;26.606666666666666
;;;26.606666666666666
;;;26.615333333333332
;;;26.615333333333332
;;;26.624
;;;26.624
;;;26.632666666666665
;;;26.632666666666665
;;;26.641333333333332
;;;26.641333333333332
;;;26.65
;;;26.65
;;;26.658666666666665
1;22.992;23.047;26.658666666666665
;;;26.667333333333332
1;24.624;23.32;26.667333333333332
;;;26.676
;;;26.676
;;;26.684666666666665
;;;26.684666666666665
1;56.408;68.556;26.69333333333333
;;;26.69333333333333
;;;26.702
1;56.959;68.837;26.702
;;;26.71066666666667
1;57.788;69.193;26.71066666666667
;;;26.719333333333335
1;58.744;69.326;26.719333333333335
1;59.39;69.252;26.728
;;;26.728
1;59.544;69.193;26.736666666666668
;;;26.736666666666668
;;;26.745333333333335
1;59.448;69.001;26.745333333333335
;;;26.754
;;;26.754
;;;26.762666666666668
1;34.312;19.996;26.762666666666668
;;;26.771333333333335
;;;26.771333333333335
;;;26.78
1;60.58;52.931;26.78
;;;26.788666666666668
1;60.107;51.458;26.788666666666668
;;;26.797333333333334
1;59.695;51.069;26.797333333333334
1;59.154;51.377;26.806
1;38.659;31.356;26.806
1;57.997;52.237;26.814666666666668
;;;26.814666666666668
1;56.048;53.509;26.823333333333334
;;;26.823333333333334
;;;26.832
;;;26.832
;;;26.840666666666667
;;;26.840666666666667
;;;26.849333333333334
;;;26.849333333333334
;;;26.858
1;38.858;27.062;26.858
;;;26.866666666666667
;;;26.866666666666667
;;;26.875333333333334
;;;26.875333333333334
;;;26.884
;;;26.884
;;;26.892666666666667
;;;26.892666666666667
;;;26.901333333333334
1;63.39;57.186;26.901333333333334
;;;26.91
;;;26.91
;;;26.918666666666667
;;;26.918666666666667
;;;26.927333333333333
;;;26.927333333333333
;;;26.936
;;;26.936
;;;26.944666666666667
1;64.57;39.08;26.944666666666667
;;;26.953333333333333
1;62.864;37.104;26.953333333333333
;;;26.962
1;61.509;34.732;26.962
;;;26.970666666666666
1;60.501;32.19;26.970666666666666
1;59.459;29.842;26.979333333333333
;;;26.979333333333333
;;;26.988
;;;26.988
;;;26.996666666666666
1;34.785;32.561;26.996666666666666
;;;27.005333333333333
;;;27.005333333333333
;;;27.014
;;;27.014
;;;27.022666666666666
;;;27.022666666666666
1;39.565;3.492;27.031333333333333
;;;27.031333333333333
1;40.21;4.799;27.04
;;;27.04
;;;27.048666666666666
1;40.667;5.962;27.048666666666666
1;51.736;6.219;27.057333333333332
;;;27.057333333333332
;;;27.066
1;50.715;8.944;27.066
;;;27.074666666666666
1;50.76;12.038;27.074666666666666
;;;27.083333333333332
1;51.666;15.031;27.083333333333332
1;52.894;17.776;27.092
1;52.825;14.325;27.092
1;54.112;20.375;27.100666666666665
;;;27.100666666666665
1;55.343;22.995;27.109333333333332
;;;27.109333333333332
;;;27.118
;;;27.118
;;;27.126666666666665
;;;27.126666666666665
;;;27.13533333333333
;;;27.13533333333333
;;;27.144
;;;27.144
1;51.744;13.506;27.152666666666665
;;;27.152666666666665
1;50.868;13.141;27.161333333333335
;;;27.161333333333335
1;50.371;12.93;27.17
;;;27.17
;;;27.17866666666667
1;50.657;13.71;27.17866666666667
1;101.464;66.13;27.187333333333335
;;;27.187333333333335
;;;27.196
1;103.54;66.026;27.196
1;103.996;65.822;27.204666666666668
;;;27.204666666666668
1;103.104;65.821;27.213333333333335
1;47.967;24.686;27.213333333333335
;;;27.222
;;;27.222
;;;27.230666666666668
;;;27.230666666666668
;;;27.239333333333335
;;;27.239333333333335
;;;27.248
;;;27.248
;;;27.256666666666668
;;;27.256666666666668
;;;27.265333333333334
;;;27.265333333333334
;;;27.274
;;;27.274
;;;27.282666666666668
;;;27.282666666666668
;;;27.291333333333334
;;;27.291333333333334
;;;27.3
;;;27.3
;;;27.308666666666667
;;;27.308666666666667
;;;27.317333333333334
;;;27.317333333333334
1;26.318;67.265;27.326
;;;27.326
1;24.341;66.152;27.334666666666667
;;;27.334666666666667
1;22.653;65.094;27.343333333333334
;;;27.343333333333334
1;21.898;64.434;27.352
;;;27.352
1;22.462;64.114;27.360666666666667
;;;27.360666666666667
;;;27.369333333333334
;;;27.369333333333334
;;;27.378
;;;27.378
;;;27.386666666666667
;;;27.386666666666667
;;;27.395333333333333
;;;27.395333333333333
;;;27.404
1;38.617;52.552;27.404
;;;27.412666666666667
1;91.828;15.376;27.412666666666667
1;91.761;18.086;27.421333333333333
;;;27.421333333333333
;;;27.43
1;92.247;20.168;27.43
1;93.542;21.532;27.438666666666666
;;;27.438666666666666
;;;27.447333333333333
;;;27.447333333333333
;;;27.456
;;;27.456
;;;27.464666666666666
1;26.132;7.151;27.464666666666666
;;;27.473333333333333
1;25.4;7.997;27.473333333333333
;;;27.482
;;;27.482
;;;27.490666666666666
;;;27.490666666666666
;;;27.499333333333333
;;;27.499333333333333
;;;27.508
;;;27.508
;;;27.516666666666666
;;;27.516666666666666
1;33.584;10.866;27.525333333333332
1;71.975;18.329;27.525333333333332
1;73.375;17.492;27.534
;;;27.534
1;75.794;16.278;27.542666666666666
;;;27.542666666666666
1;78.435;15.51;27.551333333333332
;;;27.551333333333332
;;;27.56
;;;27.56
;;;27.568666666666665
;;;27.568666666666665
;;;27.577333333333332
;;;27.577333333333332
;;;27.586
;;;27.586
;;;27.594666666666665
1;91.734;8.809;27.594666666666665
;;;27.60333333333333
1;92.132;10.405;27.60333333333333
;;;27.612
1;91.846;11.918;27.612
;;;27.620666666666665
;;;27.620666666666665
;;;27.629333333333335
;;;27.629333333333335
;;;27.638
;;;27.638
;;;27.64666666666667
;;;27.64666666666667
;;;27.655333333333335
1;83.554;14.815;27.655333333333335
1;82.806;15.901;27.664
;;;27.664
1;81.992;16.876;27.672666666666668
;;;27.672666666666668
;;;27.681333333333335
;;;27.681333333333335
;;;27.69
;;;27.69
;;;27.698666666666668
;;;27.698666666666668
;;;27.707333333333334
1;77.054;29.46;27.707333333333334
;;;27.716
;;;27.716
;;;27.724666666666668
;;;27.724666666666668
;;;27.733333333333334
;;;27.733333333333334
1;72.479;41.742;27.742
;;;27.742
;;;27.750666666666667
;;;27.750666666666667
;;;27.759333333333334
;;;27.759333333333334
;;;27.768
;;;27.768
;;;27.776666666666667
;;;27.776666666666667
;;;27.785333333333334
1;81.724;62.098;27.785333333333334
1;81.698;62.039;27.794
;;;27.794
;;;27.802666666666667
1;81.544;61.947;27.802666666666667
;;;27.811333333333334
1;80.925;61.592;27.811333333333334
;;;27.82
1;80.005;60.857;27.82
;;;27.828666666666667
;;;27.828666666666667
;;;27.837333333333333
;;;27.837333333333333
;;;27.846
;;;27.846
;;;27.854666666666667
;;;27.854666666666667
;;;27.863333333333333
;;;27.863333333333333
;;;27.872
;;;27.872
;;;27.880666666666666
;;;27.880666666666666
;;;27.889333333333333
;;;27.889333333333333
;;;27.898
;;;27.898
;;;27.906666666666666
;;;27.906666666666666
;;;27.915333333333333
;;;27.915333333333333
;;;27.924
1;65.272;25.969;27.924
;;;27.932666666666666
;;;27.932666666666666
;;;27.941333333333333
;;;27.941333333333333
;;;27.95
;;;27.95
1;68.807;31.215;27.958666666666666
;;;27.958666666666666
1;68.845;29.822;27.967333333333332
;;;27.967333333333332
1;68.708;28.919;27.976
;;;27.976
;;;27.984666666666666
;;;27.984666666666666
;;;27.993333333333332
;;;27.993333333333332
;;;28.002
;;;28.002
1;65.112;22.079;28.010666666666665
;;;28.010666666666665
;;;28.019333333333332
;;;28.019333333333332
;;;28.028
;;;28.028
;;;28.036666666666665
;;;28.036666666666665
;;;28.045333333333332
;;;28.045333333333332
1;79.903;9.276;28.054
;;;28.054
1;80.93;10.16;28.062666666666665
;;;28.062666666666665
1;46.004;55.158;28.07133333333333
;;;28.07133333333333
;;;28.08
;;;28.08
;;;28.088666666666665
;;;28.088666666666665
;;;28.097333333333335
;;;28.097333333333335
;;;28.106
;;;28.106
1;75.659;25.822;28.11466666666667
;;;28.11466666666667
;;;28.123333333333335
;;;28.123333333333335
;;;28.132
;;;28.132
;;;28.140666666666668
;;;28.140666666666668
;;;28.149333333333335
;;;28.149333333333335
;;;28.158
;;;28.158
;;;28.166666666666668
;;;28.166666666666668
;;;28.175333333333334
;;;28.175333333333334
1;46.479;68.412;28.184
;;;28.184
;;;28.192666666666668
1;46.842;68.325;28.192666666666668
;;;28.201333333333334
1;46.903;68.42;28.201333333333334
;;;28.21
;;;28.21
;;;28.218666666666667
;;;28.218666666666667
;;;28.227333333333334
;;;28.227333333333334
;;;28.236
;;;28.236
;;;28.244666666666667
;;;28.244666666666667
;;;28.253333333333334
;;;28.253333333333334
;;;28.262
;;;28.262
0;84.969;40.659;28.270666666666667
;;;28.270666666666667
1;34.986;50.378;28.279333333333334
0;85.104;40.664;28.279333333333334
;;;28.288
0;85.317;41.373;28.288
0;85.385;41.775;28.296666666666667
;;;28.296666666666667
0;85.352;41.76;28.305333333333333
;;;28.305333333333333
;;;28.314
0;85.346;41.674;28.314
0;85.378;41.64;28.322666666666667
;;;28.322666666666667
0;85.432;41.603;28.331333333333333
1;25.408;20.401;28.331333333333333
0;85.51;41.515;28.34
1;24.459;20.52;28.34
0;85.631;41.332;28.348666666666666
1;23.768;20.885;28.348666666666666
1;23.626;22.129;28.357333333333333
0;85.814;41.012;28.357333333333333
1;24.101;23.884;28.366
1;84.045;42.261;28.366
1;84.192;41.939;28.374666666666666
1;25.254;25.221;28.374666666666666
1;26.778;25.93;28.383333333333333
1;84.374;41.659;28.383333333333333
;;;28.392
1;84.441;41.64;28.392
1;84.438;41.754;28.400666666666666
;;;28.400666666666666
1;84.437;41.826;28.409333333333333
;;;28.409333333333333
;;;28.418
1;84.447;41.847;28.418
1;84.458;41.867;28.426666666666666
1;24.735;40.96;28.426666666666666
1;84.466;41.9;28.435333333333332
;;;28.435333333333332
1;84.479;41.913;28.444
;;;28.444
;;;28.452666666666666
1;84.507;41.863;28.452666666666666
1;84.551;41.759;28.461333333333332
;;;28.461333333333332
1;84.598;41.643;28.47
;;;28.47
1;18.956;62.503;28.478666666666665
1;84.643;41.532;28.478666666666665
1;84.686;41.423;28.487333333333332
;;;28.487333333333332
1;84.729;41.313;28.496
;;;28.496
1;84.78;41.206;28.504666666666665
;;;28.504666666666665
1;84.854;41.107;28.513333333333332
;;;28.513333333333332
;;;28.522
1;84.945;41.016;28.522
;;;28.530666666666665
1;85.038;40.926;28.530666666666665
;;;28.53933333333333
1;85.13;40.836;28.53933333333333
1;85.226;40.743;28.548
;;;28.548
1;85.323;40.648;28.55666666666667
;;;28.55666666666667
1;85.396;40.569;28.565333333333335
;;;28.565333333333335
1;85.414;40.525;28.574
;;;28.574
;;;28.582666666666668
1;85.39;40.507;28.582666666666668
;;;28.591333333333335
1;85.358;40.494;28.591333333333335
1;85.323;40.479;28.6
;;;28.6
1;85.297;40.461;28.608666666666668
;;;28.608666666666668
1;85.309;40.437;28.617333333333335
;;;28.617333333333335
1;85.302;40.419;28.626
1;26.812;7.332;28.626
;;;28.634666666666668
1;85.012;40.453;28.634666666666668
;;;28.643333333333334
1;84.294;40.579;28.643333333333334
;;;28.652
1;83.52;40.78;28.652
;;;28.660666666666668
1;83.119;41.047;28.660666666666668
1;83.025;41.356;28.669333333333334
1;31.113;18.044;28.669333333333334
1;82.978;41.671;28.678
1;30.512;17.749;28.678
1;29.728;16.832;28.686666666666667
1;82.895;41.981;28.686666666666667
1;82.797;42.291;28.695333333333334
;;;28.695333333333334
;;;28.704
1;82.687;42.606;28.704
;;;28.712666666666667
1;83.655;42.103;28.712666666666667
;;;28.721333333333334
1;83.639;42.155;28.721333333333334
;;;28.73
1;83.495;42.3;28.73
1;18.567;4.651;28.738666666666667
1;83.399;42.401;28.738666666666667
1;83.396;42.436;28.747333333333334
1;18.679;4.812;28.747333333333334
1;83.465;42.366;28.756
;;;28.756
;;;28.764666666666667
1;83.587;42.227;28.764666666666667
1;83.662;42.136;28.773333333333333
;;;28.773333333333333
1;83.601;42.16;28.782
;;;28.782
;;;28.790666666666667
1;83.527;42.195;28.790666666666667
1;83.559;42.136;28.799333333333333
1;40.854;17.204;28.799333333333333
1;83.607;42.089;28.808
1;40.37;18.532;28.808
1;83.597;42.102;28.816666666666666
;;;28.816666666666666
1;83.585;42.129;28.825333333333333
;;;28.825333333333333
1;83.589;42.144;28.834
;;;28.834
1;83.578;42.14;28.842666666666666
;;;28.842666666666666
1;42.889;32.271;28.851333333333333
1;83.595;42.124;28.851333333333333
1;42.828;32.746;28.86
1;83.709;42.101;28.86
1;83.853;42.106;28.868666666666666
1;43.27;33.002;28.868666666666666
;;;28.877333333333333
1;83.894;42.15;28.877333333333333
1;83.867;42.178;28.886
;;;28.886
1;83.871;42.156;28.894666666666666
;;;28.894666666666666
1;83.905;42.102;28.903333333333332
;;;28.903333333333332
1;83.91;42.088;28.912
;;;28.912
1;83.884;42.126;28.920666666666666
;;;28.920666666666666
;;;28.929333333333332
1;83.865;42.17;28.929333333333332
1;83.827;42.283;28.938
;;;28.938
;;;28.946666666666665
1;83.777;42.439;28.946666666666665
1;83.8;42.413;28.955333333333332
;;;28.955333333333332
;;;28.964
1;83.868;42.263;28.964
1;83.899;42.218;28.972666666666665
;;;28.972666666666665
1;83.898;42.259;28.981333333333332
;;;28.981333333333332
1;83.854;42.269;28.99
;;;28.99
;;;28.998666666666665
1;83.725;42.231;28.998666666666665
;;;29.00733333333333
1;83.551;42.229;29.00733333333333
1;83.439;42.307;29.016
1;17.96;5.394;29.016
;;;29.02466666666667
1;83.383;42.406;29.02466666666667
1;83.386;42.412;29.033333333333335
;;;29.033333333333335
1;83.452;42.31;29.042
;;;29.042
1;83.49;42.253;29.050666666666668
;;;29.050666666666668
1;83.487;42.272;29.059333333333335
;;;29.059333333333335
1;83.481;42.297;29.068
1;2.063;29.321;29.068
1;83.502;42.308;29.076666666666668
1;2.265;29.547;29.076666666666668
1;83.563;42.305;29.085333333333335
1;2.868;30.043;29.085333333333335
1;83.516;42.235;29.094
1;4.07;30.598;29.094
1;5.788;30.618;29.102666666666668
1;83.134;42.026;29.102666666666668
;;;29.111333333333334
1;83.398;43.641;29.111333333333334
;;;29.12
;;;29.12
;;;29.128666666666668
;;;29.128666666666668
;;;29.137333333333334
;;;29.137333333333334
;;;29.146
;;;29.146
;;;29.154666666666667
;;;29.154666666666667
;;;29.163333333333334
;;;29.163333333333334
;;;29.172
;;;29.172
;;;29.180666666666667
;;;29.180666666666667
;;;29.189333333333334
;;;29.189333333333334
1;83.414;42.131;29.198
;;;29.198
;;;29.206666666666667
1;83.545;42.285;29.206666666666667
1;83.525;42.322;29.215333333333334
;;;29.215333333333334
;;;29.224
1;83.486;42.302;29.224
1;83.469;42.299;29.232666666666667
;;;29.232666666666667
;;;29.241333333333333
1;83.488;42.3;29.241333333333333
1;83.62;42.259;29.25
;;;29.25
;;;29.258666666666667
1;83.825;42.202;29.258666666666667
;;;29.267333333333333
1;83.901;42.194;29.267333333333333
1;83.881;42.179;29.276
;;;29.276
;;;29.284666666666666
1;83.928;42.056;29.284666666666666
;;;29.293333333333333
1;84.007;41.902;29.293333333333333
1;83.972;41.943;29.302
;;;29.302
1;83.883;42.122;29.310666666666666
;;;29.310666666666666
1;83.874;42.199;29.319333333333333
0;12.745;15.512;29.319333333333333
1;83.831;42.151;29.328
0;15.403;14.446;29.328
0;18.23;13.804;29.336666666666666
1;83.512;42.038;29.336666666666666
1;82.908;41.823;29.345333333333333
0;20.807;13.256;29.345333333333333
;;;29.354
0;22.964;12.664;29.354
;;;29.362666666666666
;;;29.362666666666666
;;;29.371333333333332
;;;29.371333333333332
;;;29.38
;;;29.38
;;;29.388666666666666
;;;29.388666666666666
;;;29.397333333333332
;;;29.397333333333332
;;;29.406
;;;29.406
;;;29.414666666666665
;;;29.414666666666665
;;;29.423333333333332
;;;29.423333333333332
;;;29.432
;;;29.432
;;;29.440666666666665
;;;29.440666666666665
;;;29.449333333333332
;;;29.449333333333332
;;;29.458
;;;29.458
;;;29.466666666666665
;;;29.466666666666665
;;;29.47533333333333
;;;29.47533333333333
;;;29.484
1;19.369;23.218;29.484
1;20.054;25.878;29.49266666666667
;;;29.49266666666667
1;20.048;28.698;29.501333333333335
;;;29.501333333333335
;;;29.51
;;;29.51
;;;29.518666666666668
;;;29.518666666666668
;;;29.527333333333335
;;;29.527333333333335
;;;29.536
;;;29.536
;;;29.544666666666668
;;;29.544666666666668
;;;29.553333333333335
;;;29.553333333333335
;;;29.562
;;;29.562
;;;29.570666666666668
;;;29.570666666666668
;;;29.579333333333334
;;;29.579333333333334
;;;29.588
;;;29.588
;;;29.596666666666668
;;;29.596666666666668
;;;29.605333333333334
;;;29.605333333333334
;;;29.614
;;;29.614
;;;29.622666666666667
;;;29.622666666666667
;;;29.631333333333334
;;;29.631333333333334
;;;29.64
;;;29.64
;;;29.648666666666667
;;;29.648666666666667
;;;29.657333333333334
;;;29.657333333333334
;;;29.666
;;;29.666
;;;29.674666666666667
;;;29.674666666666667
;;;29.683333333333334
;;;29.683333333333334
;;;29.692
;;;29.692
;;;29.700666666666667
;;;29.700666666666667
;;;29.709333333333333
;;;29.709333333333333
0;58.544;47.6;29.718
;;;29.718
;;;29.726666666666667
;;;29.726666666666667
;;;29.735333333333333
;;;29.735333333333333
;;;29.744
;;;29.744
;;;29.752666666666666
;;;29.752666666666666
;;;29.761333333333333
;;;29.761333333333333
;;;29.77
;;;29.77
;;;29.778666666666666
;;;29.778666666666666
0;67.979;8.588;29.787333333333333
;;;29.787333333333333
;;;29.796
;;;29.796
0;88.627;33.154;29.804666666666666
;;;29.804666666666666
0;88.311;32.951;29.813333333333333
;;;29.813333333333333
0;87.961;32.677;29.822
0;83.171;4.205;29.822
;;;29.830666666666666
;;;29.830666666666666
;;;29.839333333333332
;;;29.839333333333332
;;;29.848
;;;29.848
;;;29.856666666666666
;;;29.856666666666666
;;;29.865333333333332
;;;29.865333333333332
;;;29.874
;;;29.874
;;;29.882666666666665
;;;29.882666666666665
;;;29.891333333333332
;;;29.891333333333332
;;;29.9
;;;29.9
;;;29.908666666666665
;;;29.908666666666665
;;;29.917333333333332
;;;29.917333333333332
;;;29.926
;;;29.926
;;;29.934666666666665
;;;29.934666666666665
;;;29.94333333333333
;;;29.94333333333333
;;;29.952
;;;29.952
;;;29.96066666666667
;;;29.96066666666667
0;79.635;35.736;29.969333333333335
;;;29.969333333333335
;;;29.978
0;79.585;35.806;29.978
;;;29.986666666666668
;;;29.986666666666668
;;;29.995333333333335
;;;29.995333333333335
;;;30.004
;;;30.004
;;;30.012666666666668
1;96.712;33.649;30.012666666666668
1;96.105;33.799;30.021333333333335
;;;30.021333333333335
1;95.49;33.923;30.03
;;;30.03
;;;30.038666666666668
1;94.87;34.026;30.038666666666668
;;;30.047333333333334
1;94.198;34.18;30.047333333333334
;;;30.056
1;93.508;34.312;30.056
;;;30.064666666666668
1;92.839;34.346;30.064666666666668
1;92.137;34.375;30.073333333333334
;;;30.073333333333334
;;;30.082
1;91.371;34.521;30.082
1;90.614;34.742;30.090666666666667
;;;30.090666666666667
1;89.875;34.987;30.099333333333334
;;;30.099333333333334
1;89.084;35.293;30.108
;;;30.108
1;88.298;35.568;30.116666666666667
;;;30.116666666666667
;;;30.125333333333334
1;87.578;35.727;30.125333333333334
;;;30.134
1;86.866;35.852;30.134
;;;30.142666666666667
1;86.091;36.019;30.142666666666667
1;85.293;36.198;30.151333333333334
1;66.307;32.679;30.151333333333334
1;84.524;36.384;30.16
;;;30.16
;;;30.168666666666667
;;;30.168666666666667
;;;30.177333333333333
;;;30.177333333333333
;;;30.186
;;;30.186
1;81.29;32.927;30.194666666666667
;;;30.194666666666667
;;;30.203333333333333
1;80.511;33.048;30.203333333333333
;;;30.212
1;79.75;33.143;30.212
;;;30.220666666666666
1;78.957;33.248;30.220666666666666
;;;30.229333333333333
1;78.146;33.379;30.229333333333333
;;;30.238
1;77.353;33.543;30.238
1;76.598;33.699;30.246666666666666
;;;30.246666666666666
1;75.865;33.797;30.255333333333333
;;;30.255333333333333
1;75.115;33.865;30.264
;;;30.264
1;74.342;33.956;30.272666666666666
;;;30.272666666666666
;;;30.281333333333333
1;73.568;34.088;30.281333333333333
1;72.828;34.241;30.29
;;;30.29
;;;30.298666666666666
1;72.143;34.375;30.298666666666666
1;71.51;34.472;30.307333333333332
;;;30.307333333333332
;;;30.316
1;70.923;34.577;30.316
1;70.398;34.717;30.324666666666666
;;;30.324666666666666
;;;30.333333333333332
1;69.933;34.85;30.333333333333332
;;;30.342
1;69.498;34.917;30.342
;;;30.350666666666665
1;69.116;34.954;30.350666666666665
;;;30.359333333333332
1;68.82;35.047;30.359333333333332
1;68.646;35.15;30.368
;;;30.368
;;;30.376666666666665
0;52.279;33.532;30.376666666666665
;;;30.38533333333333
;;;30.38533333333333
;;;30.394
;;;30.394
;;;30.402666666666665
;;;30.402666666666665
1;64.17;35.15;30.411333333333335
0;64.578;34.787;30.411333333333335
0;63.854;36.977;30.42
1;64.169;35.15;30.42
;;;30.42866666666667
0;62.381;39.421;30.42866666666667
;;;30.437333333333335
0;60.67;41.641;30.437333333333335
;;;30.446
0;59.326;43.358;30.446
;;;30.454666666666668
;;;30.454666666666668
;;;30.463333333333335
;;;30.463333333333335
;;;30.472
;;;30.472
;;;30.480666666666668
;;;30.480666666666668
;;;30.489333333333335
;;;30.489333333333335
;;;30.498
;;;30.498
;;;30.506666666666668
;;;30.506666666666668
;;;30.515333333333334
;;;30.515333333333334
;;;30.524
;;;30.524
1;54.043;34.941;30.532666666666668
;;;30.532666666666668
1;53.618;34.8;30.541333333333334
;;;30.541333333333334
;;;30.55
1;53.172;34.649;30.55
1;52.762;34.492;30.558666666666667
0;63.854;60.466;30.558666666666667
1;52.457;34.309;30.567333333333334
0;63.489;62.94;30.567333333333334
1;52.32;34.124;30.576
0;62.79;64.968;30.576
1;52.36;33.945;30.584666666666667
;;;30.584666666666667
;;;30.593333333333334
1;52.482;33.824;30.593333333333334
;;;30.602
1;52.59;33.774;30.602
;;;30.610666666666667
1;52.655;33.755;30.610666666666667
;;;30.619333333333334
1;52.693;33.747;30.619333333333334
1;52.725;33.739;30.628
;;;30.628
;;;30.636666666666667
1;52.731;33.734;30.636666666666667
0;55.916;49.124;30.645333333333333
1;52.683;33.736;30.645333333333333
;;;30.654
1;52.642;33.717;30.654
;;;30.662666666666667
1;52.688;33.635;30.662666666666667
;;;30.671333333333333
1;52.694;33.564;30.671333333333333
;;;30.68
1;52.522;33.698;30.68
;;;30.688666666666666
;;;30.688666666666666
;;;30.697333333333333
;;;30.697333333333333
;;;30.706
;;;30.706
;;;30.714666666666666
0;23.942;13.219;30.714666666666666
;;;30.723333333333333
0;22.237;14.963;30.723333333333333
;;;30.732
0;20.677;17.391;30.732
;;;30.740666666666666
0;19.588;19.759;30.740666666666666
;;;30.749333333333333
;;;30.749333333333333
;;;30.758
;;;30.758
;;;30.766666666666666
;;;30.766666666666666
;;;30.775333333333332
;;;30.775333333333332
;;;30.784
;;;30.784
;;;30.792666666666666
1;69.828;39.117;30.792666666666666
0;18.582;37.282;30.801333333333332
1;68.968;39.344;30.801333333333332
0;19.309;37.957;30.81
1;69.058;39.114;30.81
1;69.512;38.441;30.818666666666665
0;19.958;38.159;30.818666666666665
1;69.803;37.935;30.827333333333332
0;20.364;38.536;30.827333333333332
1;70.043;37.572;30.836
0;20.621;39.695;30.836
;;;30.844666666666665
;;;30.844666666666665
;;;30.85333333333333
;;;30.85333333333333
;;;30.862
;;;30.862
;;;30.870666666666665
;;;30.870666666666665
0;13.877;54.429;30.879333333333335
;;;30.879333333333335
0;13.047;57.146;30.888
;;;30.888
0;12.079;58.867;30.89666666666667
;;;30.89666666666667
0;11.378;59.368;30.905333333333335
;;;30.905333333333335
0;11.456;59.219;30.914
1;44.89;3.792;30.914
;;;30.922666666666668
1;45.678;5.024;30.922666666666668
;;;30.931333333333335
1;46.163;5.897;30.931333333333335
;;;30.94
;;;30.94
;;;30.948666666666668
;;;30.948666666666668
0;27.366;51.053;30.957333333333334
;;;30.957333333333334
;;;30.966
;;;30.966
;;;30.974666666666668
;;;30.974666666666668
;;;30.983333333333334
;;;30.983333333333334
;;;30.992
;;;30.992
;;;31.000666666666667
1;56.529;31.828;31.000666666666667
;;;31.009333333333334
1;54.337;32.478;31.009333333333334
;;;31.018
1;52.894;32.871;31.018
;;;31.026666666666667
1;52.437;33.137;31.026666666666667
;;;31.035333333333334
;;;31.035333333333334
;;;31.044
;;;31.044
;;;31.052666666666667
;;;31.052666666666667
1;53.828;51.465;31.061333333333334
;;;31.061333333333334
;;;31.07
;;;31.07
;;;31.078666666666667
;;;31.078666666666667
;;;31.087333333333333
;;;31.087333333333333
;;;31.096
;;;31.096
;;;31.104666666666667
;;;31.104666666666667
;;;31.113333333333333
;;;31.113333333333333
;;;31.122
;;;31.122
;;;31.130666666666666
;;;31.130666666666666
;;;31.139333333333333
;;;31.139333333333333
;;;31.148
;;;31.148
;;;31.156666666666666
;;;31.156666666666666
;;;31.165333333333333
;;;31.165333333333333
;;;31.174
;;;31.174
;;;31.182666666666666
;;;31.182666666666666
;;;31.191333333333333
;;;31.191333333333333
;;;31.2
;;;31.2
;;;31.208666666666666
;;;31.208666666666666
;;;31.217333333333332
;;;31.217333333333332
;;;31.226
;;;31.226
;;;31.234666666666666
;;;31.234666666666666
;;;31.243333333333332
;;;31.243333333333332
;;;31.252
;;;31.252
;;;31.260666666666665
;;;31.260666666666665
;;;31.269333333333332
;;;31.269333333333332
;;;31.278
;;;31.278
;;;31.286666666666665
;;;31.286666666666665
;;;31.295333333333332
;;;31.295333333333332
;;;31.304
;;;31.304
;;;31.312666666666665
;;;31.312666666666665
;;;31.32133333333333
;;;31.32133333333333
;;;31.33
;;;31.33
;;;31.338666666666665
;;;31.338666666666665
0;18.609;19.623;31.347333333333335
;;;31.347333333333335
;;;31.356
;;;31.356
;;;31.36466666666667
;;;31.36466666666667
;;;31.373333333333335
1;53.582;0.993;31.373333333333335
;;;31.382
1;53.244;0.97;31.382
;;;31.390666666666668
1;52.929;1.055;31.390666666666668
;;;31.399333333333335
1;52.639;1.209;31.399333333333335
0;26.79;20.066;31.408
1;52.445;1.298;31.408
0;25.524;19.933;31.416666666666668
1;52.347;1.287;31.416666666666668
0;24.36;19.737;31.425333333333334
1;52.287;1.253;31.425333333333334
;;;31.434
1;52.24;1.262;31.434
;;;31.442666666666668
1;52.21;1.322;31.442666666666668
;;;31.451333333333334
1;52.231;0.992;31.451333333333334
;;;31.46
1;52.411;-0.187;31.46
;;;31.468666666666667
;;;31.468666666666667
;;;31.477333333333334
;;;31.477333333333334
;;;31.486
;;;31.486
;;;31.494666666666667
;;;31.494666666666667
;;;31.503333333333334
1;53.82;5.078;31.503333333333334
;;;31.512
;;;31.512
;;;31.520666666666667
;;;31.520666666666667
;;;31.529333333333334
;;;31.529333333333334
1;28.398;21.557;31.538
;;;31.538
1;27.757;20.786;31.546666666666667
;;;31.546666666666667
;;;31.555333333333333
;;;31.555333333333333
;;;31.564
;;;31.564
;;;31.572666666666667
;;;31.572666666666667
;;;31.581333333333333
;;;31.581333333333333
;;;31.59
;;;31.59
;;;31.598666666666666
1;64.019;47.588;31.598666666666666
1;62.647;49.753;31.607333333333333
;;;31.607333333333333
;;;31.616
;;;31.616
;;;31.624666666666666
0;31.108;22.074;31.624666666666666
0;31.587;23.59;31.633333333333333
;;;31.633333333333333
0;32.115;23.427;31.642
;;;31.642
;;;31.650666666666666
1;33.922;25.119;31.650666666666666
;;;31.659333333333333
1;34.846;27.169;31.659333333333333
;;;31.668
;;;31.668
;;;31.676666666666666
;;;31.676666666666666
;;;31.685333333333332
;;;31.685333333333332
;;;31.694
;;;31.694
;;;31.702666666666666
1;46.772;44.473;31.702666666666666
;;;31.711333333333332
;;;31.711333333333332
;;;31.72
;;;31.72
;;;31.728666666666665
;;;31.728666666666665
;;;31.737333333333332
;;;31.737333333333332
;;;31.746
1;62.327;64.697;31.746
;;;31.754666666666665
1;63.866;64.042;31.754666666666665
;;;31.763333333333332
;;;31.763333333333332
;;;31.772
;;;31.772
;;;31.780666666666665
;;;31.780666666666665
;;;31.78933333333333
;;;31.78933333333333
;;;31.798
;;;31.798
;;;31.80666666666667
;;;31.80666666666667
;;;31.815333333333335
;;;31.815333333333335
;;;31.824
;;;31.824
;;;31.832666666666668
;;;31.832666666666668
;;;31.841333333333335
;;;31.841333333333335
;;;31.85
;;;31.85
;;;31.858666666666668
;;;31.858666666666668
;;;31.867333333333335
;;;31.867333333333335
;;;31.876
;;;31.876
;;;31.884666666666668
;;;31.884666666666668
0;26.081;68.548;31.893333333333334
;;;31.893333333333334
;;;31.902
0;27.042;68.507;31.902
;;;31.910666666666668
;;;31.910666666666668
;;;31.919333333333334
;;;31.919333333333334
;;;31.928
;;;31.928
;;;31.936666666666667
1;77.808;63.988;31.936666666666667
;;;31.945333333333334
;;;31.945333333333334
;;;31.954
;;;31.954
;;;31.962666666666667
;;;31.962666666666667
;;;31.971333333333334
;;;31.971333333333334
;;;31.98
;;;31.98
;;;31.988666666666667
1;80.474;63.017;31.988666666666667
1;79.548;62.769;31.997333333333334
;;;31.997333333333334
0;46.507;57.833;32.006
;;;32.006
;;;32.01466666666666
0;47.128;57.665;32.01466666666666
;;;32.02333333333333
0;47.732;57.714;32.02333333333333
0;48.302;57.951;32.032
;;;32.032
;;;32.04066666666667
;;;32.04066666666667
;;;32.04933333333334
1;86.991;59.214;32.04933333333334
;;;32.058
;;;32.058
;;;32.06666666666667
;;;32.06666666666667
;;;32.07533333333333
;;;32.07533333333333
;;;32.084
;;;32.084
;;;32.092666666666666
;;;32.092666666666666
;;;32.101333333333336
;;;32.101333333333336
;;;32.11
;;;32.11
;;;32.11866666666667
;;;32.11866666666667
;;;32.12733333333333
;;;32.12733333333333
;;;32.136
;;;32.136
;;;32.144666666666666
;;;32.144666666666666
;;;32.153333333333336
;;;32.153333333333336
;;;32.162
;;;32.162
;;;32.17066666666667
;;;32.17066666666667
;;;32.17933333333333
;;;32.17933333333333
;;;32.188
;;;32.188
;;;32.196666666666665
;;;32.196666666666665
;;;32.205333333333336
;;;32.205333333333336
;;;32.214
1;93.323;68.747;32.214
1;93.117;68.807;32.22266666666667
;;;32.22266666666667
1;93.043;68.786;32.23133333333333
;;;32.23133333333333
1;93.11;68.758;32.24
;;;32.24
1;93.248;68.701;32.248666666666665
;;;32.248666666666665
;;;32.257333333333335
1;93.332;68.638;32.257333333333335
;;;32.266
1;93.332;68.624;32.266
;;;32.27466666666667
1;93.317;68.61;32.27466666666667
;;;32.28333333333333
1;93.288;68.532;32.28333333333333
;;;32.292
1;93.239;68.401;32.292
;;;32.300666666666665
;;;32.300666666666665
;;;32.309333333333335
;;;32.309333333333335
;;;32.318
;;;32.318
;;;32.32666666666667
;;;32.32666666666667
;;;32.33533333333333
;;;32.33533333333333
;;;32.344
;;;32.344
;;;32.352666666666664
;;;32.352666666666664
;;;32.361333333333334
;;;32.361333333333334
;;;32.37
;;;32.37
;;;32.37866666666667
;;;32.37866666666667
;;;32.38733333333333
;;;32.38733333333333
;;;32.396
;;;32.396
;;;32.404666666666664
;;;32.404666666666664
;;;32.413333333333334
;;;32.413333333333334
;;;32.422
;;;32.422
;;;32.43066666666667
;;;32.43066666666667
;;;32.43933333333333
;;;32.43933333333333
;;;32.448
;;;32.448
;;;32.45666666666666
;;;32.45666666666666
;;;32.465333333333334
;;;32.465333333333334
;;;32.474
;;;32.474
;;;32.48266666666667
;;;32.48266666666667
;;;32.49133333333333
;;;32.49133333333333
;;;32.5
;;;32.5
;;;32.50866666666667
;;;32.50866666666667
;;;32.51733333333333
;;;32.51733333333333
;;;32.526
;;;32.526
;;;32.534666666666666
;;;32.534666666666666
;;;32.54333333333334
;;;32.54333333333334
;;;32.552
;;;32.552
;;;32.56066666666667
;;;32.56066666666667
;;;32.56933333333333
;;;32.56933333333333
;;;32.578
;;;32.578
0;27.498;18.783;32.586666666666666
;;;32.586666666666666
0;27.757;19.551;32.595333333333336
;;;32.595333333333336
;;;32.604
;;;32.604
;;;32.61266666666667
;;;32.61266666666667
;;;32.62133333333333
;;;32.62133333333333
;;;32.63
;;;32.63
;;;32.638666666666666
;;;32.638666666666666
;;;32.647333333333336
;;;32.647333333333336
;;;32.656
;;;32.656
;;;32.66466666666667
;;;32.66466666666667
;;;32.67333333333333
;;;32.67333333333333
;;;32.682
;;;32.682
;;;32.690666666666665
;;;32.690666666666665
;;;32.699333333333335
;;;32.699333333333335
;;;32.708
;;;32.708
;;;32.71666666666667
;;;32.71666666666667
;;;32.72533333333333
;;;32.72533333333333
;;;32.734
;;;32.734
;;;32.742666666666665
;;;32.742666666666665
;;;32.751333333333335
;;;32.751333333333335
;;;32.76
;;;32.76
;;;32.76866666666667
;;;32.76866666666667
;;;32.77733333333333
;;;32.77733333333333
;;;32.786
;;;32.786
;;;32.794666666666664
;;;32.794666666666664
;;;32.803333333333335
0;94.27;52.188;32.803333333333335
;;;32.812
;;;32.812
;;;32.82066666666667
;;;32.82066666666667
;;;32.82933333333333
;;;32.82933333333333
;;;32.838
;;;32.838
;;;32.846666666666664
;;;32.846666666666664
;;;32.855333333333334
;;;32.855333333333334
;;;32.864
;;;32.864
;;;32.87266666666667
0;84.542;11.411;32.87266666666667
0;82.81;10.881;32.88133333333333
;;;32.88133333333333
;;;32.89
;;;32.89
;;;32.898666666666664
;;;32.898666666666664
;;;32.907333333333334
;;;32.907333333333334
;;;32.916
;;;32.916
;;;32.92466666666667
;;;32.92466666666667
;;;32.93333333333333
;;;32.93333333333333
;;;32.942
0;52.237;14.533;32.942
;;;32.95066666666666
;;;32.95066666666666
;;;32.95933333333333
;;;32.95933333333333
;;;32.968
;;;32.968
;;;32.97666666666667
;;;32.97666666666667
;;;32.98533333333334
;;;32.98533333333334
;;;32.994
;;;32.994
;;;33.00266666666667
;;;33.00266666666667
0;15.393;0.798;33.01133333333333
;;;33.01133333333333
0;13.427;1.704;33.02
;;;33.02
0;11.982;2.243;33.028666666666666
;;;33.028666666666666
;;;33.037333333333336
;;;33.037333333333336
;;;33.046
;;;33.046
;;;33.05466666666667
;;;33.05466666666667
;;;33.06333333333333
;;;33.06333333333333
;;;33.072
;;;33.072
;;;33.080666666666666
;;;33.080666666666666
;;;33.089333333333336
;;;33.089333333333336
;;;33.098
;;;33.098
;;;33.10666666666667
;;;33.10666666666667
0;105.289;3.705;33.11533333333333
;;;33.11533333333333
;;;33.124
;;;33.124
;;;33.132666666666665
;;;33.132666666666665
;;;33.141333333333336
;;;33.141333333333336
;;;33.15
;;;33.15
;;;33.15866666666667
;;;33.15866666666667
;;;33.16733333333333
;;;33.16733333333333
;;;33.176
;;;33.176
;;;33.184666666666665
;;;33.184666666666665
;;;33.193333333333335
;;;33.193333333333335
;;;33.202
;;;33.202
;;;33.21066666666667
;;;33.21066666666667
;;;33.21933333333333
;;;33.21933333333333
;;;33.228
;;;33.228
;;;33.236666666666665
;;;33.236666666666665
;;;33.245333333333335
;;;33.245333333333335
0;16.223;40.852;33.254
;;;33.254
0;16.727;40.544;33.26266666666667
;;;33.26266666666667
;;;33.27133333333333
;;;33.27133333333333
;;;33.28
;;;33.28
;;;33.288666666666664
;;;33.288666666666664
;;;33.297333333333334
;;;33.297333333333334
;;;33.306
;;;33.306
;;;33.31466666666667
;;;33.31466666666667
;;;33.32333333333333
;;;33.32333333333333
;;;33.332
;;;33.332
;;;33.340666666666664
;;;33.340666666666664
;;;33.349333333333334
;;;33.349333333333334
;;;33.358
;;;33.358
;;;33.36666666666667
;;;33.36666666666667
;;;33.37533333333333
;;;33.37533333333333
;;;33.384
;;;33.384
;;;33.39266666666666
;;;33.39266666666666
;;;33.40133333333333
;;;33.40133333333333
;;;33.41
;;;33.41
;;;33.41866666666667
;;;33.41866666666667
;;;33.42733333333333
;;;33.42733333333333
;;;33.436
0;104.477;1.591;33.436
0;104.703;1.304;33.44466666666667
;;;33.44466666666667
0;104.941;0.981;33.45333333333333
;;;33.45333333333333
;;;33.462
0;105.001;0.805;33.462
1;73.746;4.282;33.470666666666666
0;104.76;1.066;33.470666666666666
0;104.557;1.419;33.47933333333334
1;76.448;5.944;33.47933333333334
0;104.547;1.525;33.488
1;79.436;7.801;33.488
1;82.25;9.509;33.49666666666667
0;104.561;1.488;33.49666666666667
0;104.503;1.464;33.50533333333333
1;84.121;11.559;33.50533333333333
1;84.969;14.535;33.514
0;104.517;1.458;33.514
0;104.787;1.401;33.522666666666666
1;85.572;17.888;33.522666666666666
0;105.289;1.334;33.531333333333336
;;;33.531333333333336
0;105.905;1.305;33.54
;;;33.54
0;106.482;1.262;33.54866666666667
;;;33.54866666666667
;;;33.55733333333333
;;;33.55733333333333
1;86.291;20.979;33.566
;;;33.566
;;;33.574666666666666
1;87.905;21.912;33.574666666666666
;;;33.583333333333336
;;;33.583333333333336
;;;33.592
;;;33.592
;;;33.60066666666667
;;;33.60066666666667
;;;33.60933333333333
0;87.178;17.721;33.60933333333333
0;86.996;16.67;33.618
;;;33.618
0;86.548;16.376;33.626666666666665
;;;33.626666666666665
0;85.806;16.579;33.635333333333335
;;;33.635333333333335
;;;33.644
;;;33.644
;;;33.65266666666667
;;;33.65266666666667
;;;33.66133333333333
;;;33.66133333333333
;;;33.67
;;;33.67
;;;33.678666666666665
;;;33.678666666666665
0;63.542;26.05;33.687333333333335
;;;33.687333333333335
;;;33.696
;;;33.696
;;;33.70466666666667
;;;33.70466666666667
;;;33.71333333333333
0;75.382;49.685;33.71333333333333
;;;33.722
;;;33.722
;;;33.730666666666664
;;;33.730666666666664
;;;33.739333333333335
;;;33.739333333333335
1;52.522;8.266;33.748
0;87.257;45.684;33.748
;;;33.75666666666667
;;;33.75666666666667
;;;33.76533333333333
;;;33.76533333333333
;;;33.774
;;;33.774
;;;33.782666666666664
;;;33.782666666666664
;;;33.791333333333334
;;;33.791333333333334
;;;33.8
;;;33.8
;;;33.80866666666667
;;;33.80866666666667
;;;33.81733333333333
;;;33.81733333333333
;;;33.826
;;;33.826
;;;33.834666666666664
1;57.565;35.117;33.834666666666664
;;;33.843333333333334
;;;33.843333333333334
;;;33.852
;;;33.852
;;;33.86066666666667
;;;33.86066666666667
;;;33.86933333333333
;;;33.86933333333333
;;;33.878
;;;33.878
;;;33.88666666666666
;;;33.88666666666666
1;80.008;58.728;33.89533333333333
;;;33.89533333333333
;;;33.904
1;81.016;57.902;33.904
1;81.72;57.113;33.91266666666667
;;;33.91266666666667
1;81.981;56.531;33.92133333333334
;;;33.92133333333334
;;;33.93
;;;33.93
;;;33.93866666666667
;;;33.93866666666667
;;;33.94733333333333
;;;33.94733333333333
;;;33.956
;;;33.956
;;;33.964666666666666
;;;33.964666666666666
;;;33.973333333333336
1;105.252;50.016;33.973333333333336
;;;33.982
1;104.071;48.824;33.982
;;;33.99066666666667
;;;33.99066666666667
;;;33.99933333333333
;;;33.99933333333333
;;;34.008
;;;34.008
;;;34.016666666666666
;;;34.016666666666666
;;;34.025333333333336
;;;34.025333333333336
;;;34.034
;;;34.034
;;;34.04266666666667
;;;34.04266666666667
;;;34.05133333333333
;;;34.05133333333333
;;;34.06
;;;34.06
;;;34.068666666666665
;;;34.068666666666665
;;;34.077333333333335
;;;34.077333333333335
;;;34.086
;;;34.086
;;;34.09466666666667
;;;34.09466666666667
;;;34.10333333333333
;;;34.10333333333333
;;;34.112
;;;34.112
;;;34.120666666666665
;;;34.120666666666665
;;;34.129333333333335
;;;34.129333333333335
;;;34.138
;;;34.138
;;;34.14666666666667
;;;34.14666666666667
;;;34.15533333333333
;;;34.15533333333333
;;;34.164
;;;34.164
;;;34.172666666666665
;;;34.172666666666665
;;;34.181333333333335
;;;34.181333333333335
;;;34.19
;;;34.19
;;;34.19866666666667
;;;34.19866666666667
;;;34.20733333333333
;;;34.20733333333333
;;;34.216
;;;34.216
;;;34.224666666666664
;;;34.224666666666664
;;;34.233333333333334
;;;34.233333333333334
;;;34.242
;;;34.242
;;;34.25066666666667
;;;34.25066666666667
;;;34.25933333333333
;;;34.25933333333333
;;;34.268
;;;34.268
;;;34.276666666666664
;;;34.276666666666664
;;;34.285333333333334
;;;34.285333333333334
;;;34.294
;;;34.294
;;;34.30266666666667
;;;34.30266666666667
;;;34.31133333333333
;;;34.31133333333333
;;;34.32
;;;34.32
;;;34.32866666666666
0;88.685;28.753;34.32866666666666
0;88.848;27.275;34.33733333333333
;;;34.33733333333333
;;;34.346
0;88.636;25.624;34.346
0;88.159;23.864;34.35466666666667
;;;34.35466666666667
;;;34.36333333333334
0;87.575;22.172;34.36333333333334
;;;34.372
0;86.924;20.869;34.372
0;86.367;20.132;34.38066666666667
;;;34.38066666666667
;;;34.38933333333333
;;;34.38933333333333
;;;34.398
;;;34.398
;;;34.406666666666666
;;;34.406666666666666
;;;34.415333333333336
;;;34.415333333333336
;;;34.424
;;;34.424
0;59.235;14.993;34.43266666666667
;;;34.43266666666667
;;;34.44133333333333
;;;34.44133333333333
;;;34.45
;;;34.45
;;;34.458666666666666
;;;34.458666666666666
;;;34.467333333333336
;;;34.467333333333336
;;;34.476
;;;34.476
;;;34.48466666666667
;;;34.48466666666667
1;63.341;34.476;34.49333333333333
;;;34.49333333333333
1;63.357;34.464;34.502
;;;34.502
;;;34.510666666666665
1;82.546;19.49;34.510666666666665
1;85.87;21.399;34.519333333333336
;;;34.519333333333336
;;;34.528
1;89.073;23.608;34.528
1;91.9;25.621;34.53666666666667
;;;34.53666666666667
1;94.086;27.256;34.54533333333333
;;;34.54533333333333
;;;34.554
;;;34.554
;;;34.562666666666665
;;;34.562666666666665
;;;34.571333333333335
;;;34.571333333333335
;;;34.58
;;;34.58
;;;34.58866666666667
;;;34.58866666666667
;;;34.59733333333333
;;;34.59733333333333
;;;34.606
;;;34.606
;;;34.614666666666665
;;;34.614666666666665
;;;34.623333333333335
;;;34.623333333333335
;;;34.632
;;;34.632
;;;34.64066666666667
;;;34.64066666666667
;;;34.64933333333333
;;;34.64933333333333
;;;34.658
1;52.542;34.279;34.658
;;;34.666666666666664
;;;34.666666666666664
;;;34.675333333333334
;;;34.675333333333334
;;;34.684
;;;34.684
;;;34.69266666666667
1;56.913;24.476;34.69266666666667
;;;34.70133333333333
;;;34.70133333333333
;;;34.71
;;;34.71
;;;34.718666666666664
;;;34.718666666666664
;;;34.727333333333334
;;;34.727333333333334
1;46.096;4.537;34.736
;;;34.736
;;;34.74466666666667
;;;34.74466666666667
;;;34.75333333333333
;;;34.75333333333333
;;;34.762
;;;34.762
1;51.616;12.578;34.77066666666666
;;;34.77066666666666
;;;34.779333333333334
;;;34.779333333333334
;;;34.788
;;;34.788
;;;34.79666666666667
;;;34.79666666666667
;;;34.80533333333333
;;;34.80533333333333
;;;34.814
;;;34.814
;;;34.82266666666667
;;;34.82266666666667
;;;34.83133333333333
;;;34.83133333333333
;;;34.84
;;;34.84
;;;34.84866666666667
;;;34.84866666666667
;;;34.85733333333334
;;;34.85733333333334
;;;34.866
;;;34.866
;;;34.87466666666667
1;58.205;33.848;34.87466666666667
;;;34.88333333333333
1;56.237;34.929;34.88333333333333
;;;34.892
1;54.333;35.643;34.892
1;52.654;36.049;34.900666666666666
;;;34.900666666666666
1;51.233;36.43;34.909333333333336
;;;34.909333333333336
;;;34.918
1;50.391;36.773;34.918
;;;34.92666666666667
1;50.155;36.861;34.92666666666667
;;;34.93533333333333
1;50.223;36.602;34.93533333333333
;;;34.944
;;;34.944
;;;34.952666666666666
;;;34.952666666666666
;;;34.961333333333336
;;;34.961333333333336
;;;34.97
;;;34.97
;;;34.97866666666667
;;;34.97866666666667
;;;34.98733333333333
;;;34.98733333333333
;;;34.996
0;51.514;33.393;34.996
;;;35.004666666666665
0;51.838;33.494;35.004666666666665
;;;35.013333333333335
0;52.123;33.626;35.013333333333335
;;;35.022
0;52.371;33.737;35.022
;;;35.03066666666667
0;52.511;33.844;35.03066666666667
0;52.526;33.893;35.03933333333333
;;;35.03933333333333
0;52.506;33.849;35.048
;;;35.048
;;;35.056666666666665
0;52.505;33.794;35.056666666666665
0;52.513;33.762;35.065333333333335
;;;35.065333333333335
;;;35.074
0;52.489;33.73;35.074
;;;35.08266666666667
0;52.413;33.741;35.08266666666667
;;;35.09133333333333
0;52.327;33.821;35.09133333333333
;;;35.1
0;52.288;33.882;35.1
0;52.285;33.872;35.108666666666664
;;;35.108666666666664
0;52.294;33.826;35.117333333333335
;;;35.117333333333335
0;52.293;33.804;35.126
;;;35.126
0;52.281;33.807;35.13466666666667
;;;35.13466666666667
;;;35.14333333333333
0;52.267;33.813;35.14333333333333
;;;35.152
0;52.26;33.813;35.152
0;52.26;33.811;35.160666666666664
;;;35.160666666666664
0;52.274;33.808;35.169333333333334
;;;35.169333333333334
0;9.01;13.084;35.178
0;52.29;33.805;35.178
0;52.291;33.811;35.18666666666667
0;10.884;11.84;35.18666666666667
0;52.27;33.826;35.19533333333333
0;11.1;11.59;35.19533333333333
0;11.498;11.623;35.204
0;52.228;33.8;35.204
0;52.183;33.718;35.212666666666664
0;12.505;10.302;35.212666666666664
0;52.161;33.676;35.221333333333334
0;12.906;10.356;35.221333333333334
0;52.161;33.689;35.23
0;13.324;10.49;35.23
0;52.167;33.699;35.23866666666667
0;13.763;10.603;35.23866666666667
0;52.172;33.698;35.24733333333333
0;14.443;10.39;35.24733333333333
0;15.49;9.687;35.256
0;52.175;33.701;35.256
0;16.546;8.91;35.26466666666666
0;52.176;33.698;35.26466666666666
0;52.17;33.692;35.27333333333333
0;17.192;8.534;35.27333333333333
0;17.505;8.492;35.282
0;52.163;33.7;35.282
0;17.769;8.498;35.29066666666667
0;52.162;33.719;35.29066666666667
0;18.076;8.461;35.29933333333334
0;52.173;33.723;35.29933333333334
0;52.182;33.711;35.308
0;18.395;8.415;35.308
0;52.136;33.706;35.31666666666667
0;18.705;8.379;35.31666666666667
0;17.806;10.419;35.32533333333333
0;51.995;33.694;35.32533333333333
0;51.839;33.703;35.334
0;18.661;8.476;35.334
0;51.777;33.732;35.342666666666666
0;18.924;8.702;35.342666666666666
0;51.788;33.744;35.351333333333336
;;;35.351333333333336
0;51.802;33.741;35.36
;;;35.36
;;;35.36866666666667
0;51.801;33.738;35.36866666666667
;;;35.37733333333333
0;51.802;33.741;35.37733333333333
0;51.807;33.746;35.386
;;;35.386
0;51.79;33.733;35.394666666666666
;;;35.394666666666666
0;18.311;9.409;35.403333333333336
0;51.725;33.679;35.403333333333336
0;51.652;33.617;35.412
0;18.055;9.134;35.412
0;51.622;33.6;35.42066666666667
0;17.848;8.866;35.42066666666667
0;51.63;33.615;35.42933333333333
0;17.822;8.56;35.42933333333333
0;51.643;33.622;35.438
0;17.926;8.328;35.438
0;51.647;33.618;35.446666666666665
0;17.896;8.558;35.446666666666665
0;51.645;33.623;35.455333333333336
0;17.6;9.409;35.455333333333336
0;51.641;33.631;35.464
0;17.163;10.299;35.464
0;51.64;33.63;35.47266666666667
0;16.759;10.508;35.47266666666667
0;16.565;10.133;35.48133333333333
0;51.642;33.621;35.48133333333333
0;51.642;33.617;35.49
0;16.662;9.83;35.49
0;51.641;33.625;35.498666666666665
0;16.965;9.84;35.498666666666665
0;17.253;9.948;35.507333333333335
0;51.64;33.63;35.507333333333335
0;17.455;10.116;35.516
0;51.641;33.625;35.516
0;17.58;10.287;35.52466666666667
0;51.641;33.622;35.52466666666667
0;17.673;10.262;35.53333333333333
0;51.64;33.627;35.53333333333333
0;17.814;10.067;35.542
0;51.64;33.63;35.542
0;18.055;10.069;35.550666666666665
0;51.639;33.63;35.550666666666665
1;17.83;8.348;35.559333333333335
0;51.638;33.63;35.559333333333335
1;17.772;8.103;35.568
0;51.641;33.634;35.568
1;17.706;7.831;35.57666666666667
0;51.651;33.634;35.57666666666667
1;17.63;7.547;35.58533333333333
0;51.636;33.605;35.58533333333333
1;17.576;7.308;35.594
0;51.548;33.561;35.594
1;17.638;7.27;35.602666666666664
0;51.43;33.572;35.602666666666664
1;17.853;7.475;35.611333333333334
0;51.381;33.592;35.611333333333334
0;51.393;33.559;35.62
1;18.132;7.764;35.62
0;51.405;33.536;35.62866666666667
1;18.373;8.066;35.62866666666667
0;51.391;33.532;35.63733333333333
1;18.5;8.472;35.63733333333333
0;51.35;33.528;35.646
1;18.536;9.047;35.646
0;51.298;33.531;35.654666666666664
1;18.562;9.708;35.654666666666664
1;18.512;10.162;35.663333333333334
0;51.252;33.538;35.663333333333334
1;18.199;10.008;35.672
0;51.222;33.545;35.672
1;17.639;9.317;35.68066666666667
0;51.218;33.55;35.68066666666667
0;51.223;33.545;35.68933333333333
1;17.103;8.596;35.68933333333333
0;51.228;33.527;35.698
1;16.847;8.211;35.698
0;51.227;33.518;35.70666666666666
1;16.875;8.172;35.70666666666666
0;51.222;33.537;35.715333333333334
1;17.046;8.349;35.715333333333334
0;51.219;33.552;35.724
1;17.246;8.614;35.724
1;17.361;8.768;35.73266666666667
0;51.22;33.552;35.73266666666667
1;17.383;8.778;35.74133333333333
0;51.22;33.55;35.74133333333333
1;17.384;8.752;35.75
0;51.22;33.55;35.75
1;17.395;8.741;35.75866666666667
0;51.22;33.55;35.75866666666667
0;51.22;33.55;35.76733333333333
1;17.407;8.74;35.76733333333333
0;51.22;33.55;35.776
1;17.411;8.74;35.776
0;51.22;33.551;35.784666666666666
1;17.41;8.74;35.784666666666666
0;51.221;33.55;35.79333333333334
1;17.409;8.74;35.79333333333334
0;51.225;33.54;35.802
1;17.41;8.739;35.802
0;51.227;33.529;35.81066666666667
1;17.412;8.739;35.81066666666667
0;51.226;33.527;35.81933333333333
1;17.405;8.743;35.81933333333333
1;17.379;8.758;35.828
0;51.228;33.526;35.828
1;17.338;8.776;35.836666666666666
0;51.232;33.503;35.836666666666666
1;17.305;8.79;35.845333333333336
0;51.233;33.485;35.845333333333336
1;17.303;8.804;35.854
0;51.228;33.5;35.854
0;51.221;33.533;35.86266666666667
1;17.323;8.824;35.86266666666667
0;51.228;33.55;35.87133333333333
1;17.267;8.774;35.87133333333333
0;51.264;33.544;35.88
1;17.01;8.542;35.88
0;51.32;33.536;35.888666666666666
1;16.611;8.2;35.888666666666666
0;51.361;33.549;35.897333333333336
1;16.303;8.02;35.897333333333336
1;16.227;8.102;35.906
0;51.368;33.579;35.906
1;16.223;8.059;35.91466666666667
0;51.369;33.586;35.91466666666667
1;16.152;7.758;35.92333333333333
0;51.378;33.565;35.92333333333333
1;16.098;7.582;35.932
0;51.373;33.564;35.932
1;16.076;7.596;35.940666666666665
0;51.352;33.564;35.940666666666665
1;16.05;7.642;35.949333333333335
0;51.334;33.548;35.949333333333335
1;16.042;7.647;35.958
0;51.336;33.507;35.958
0;51.348;33.436;35.96666666666667
1;16.071;7.623;35.96666666666667
0;51.352;33.394;35.97533333333333
1;16.107;7.595;35.97533333333333
0;51.346;33.414;35.984
1;16.105;7.57;35.984
0;51.338;33.477;35.992666666666665
1;16.062;7.48;35.992666666666665
1;16.015;7.327;36.001333333333335
0;51.334;33.525;36.001333333333335
1;16.004;7.228;36.01
0;51.34;33.501;36.01
1;16.031;7.207;36.01866666666667
0;51.347;33.437;36.01866666666667
0;51.349;33.399;36.02733333333333
1;16.054;7.218;36.02733333333333
1;16.039;7.238;36.036
0;51.345;33.413;36.036
1;16.025;7.248;36.044666666666664
0;51.335;33.479;36.044666666666664
1;16.035;7.242;36.053333333333335
0;51.329;33.536;36.053333333333335
0;51.329;33.551;36.062
1;16.033;7.236;36.062
0;51.331;33.54;36.07066666666667
1;16.024;7.236;36.07066666666667
1;16.028;7.233;36.07933333333333
0;51.338;33.501;36.07933333333333
1;16.039;7.23;36.088
0;51.349;33.433;36.088
0;51.351;33.377;36.096666666666664
1;16.029;7.24;36.096666666666664
0;51.341;33.399;36.105333333333334
1;16.014;7.247;36.105333333333334
1;16.018;7.242;36.114
0;51.335;33.61;36.114
1;16.026;7.238;36.12266666666667
0;51.37;34.059;36.12266666666667
0;51.45;34.666;36.13133333333333
1;16.019;7.243;36.13133333333333
1;16.004;7.25;36.14
;;;36.14
;;;36.148666666666664
1;15.976;7.267;36.148666666666664
;;;36.157333333333334
1;15.944;7.291;36.157333333333334
;;;36.166
1;15.933;7.282;36.166
;;;36.17466666666667
1;15.962;7.206;36.17466666666667
;;;36.18333333333333
1;16.067;7.211;36.18333333333333
;;;36.192
1;16.273;7.604;36.192
1;16.5;8.28;36.20066666666666
;;;36.20066666666666
;;;36.20933333333333
1;16.583;8.68;36.20933333333333
1;16.494;8.756;36.218
;;;36.218
1;16.366;8.792;36.22666666666667
;;;36.22666666666667
;;;36.23533333333334
1;16.26;8.698;36.23533333333334
;;;36.244
1;16.077;8.322;36.244
1;15.828;7.847;36.25266666666667
;;;36.25266666666667
;;;36.26133333333333
;;;36.26133333333333
;;;36.27
;;;36.27
;;;36.278666666666666
;;;36.278666666666666
;;;36.287333333333336
;;;36.287333333333336
;;;36.296
;;;36.296
;;;36.30466666666667
;;;36.30466666666667
;;;36.31333333333333
;;;36.31333333333333
;;;36.322
;;;36.322
;;;36.330666666666666
;;;36.330666666666666
;;;36.339333333333336
;;;36.339333333333336
;;;36.348
;;;36.348
;;;36.35666666666667
;;;36.35666666666667
;;;36.36533333333333
;;;36.36533333333333
;;;36.374
;;;36.374
1;15.692;7.425;36.382666666666665
;;;36.382666666666665
;;;36.391333333333336
;;;36.391333333333336
;;;36.4
;;;36.4
;;;36.40866666666667
;;;36.40866666666667
;;;36.41733333333333
;;;36.41733333333333
;;;36.426
;;;36.426
;;;36.434666666666665
;;;36.434666666666665
;;;36.443333333333335
;;;36.443333333333335
;;;36.452
;;;36.452
;;;36.46066666666667
;;;36.46066666666667
;;;36.46933333333333
;;;36.46933333333333
;;;36.478
;;;36.478
;;;36.486666666666665
;;;36.486666666666665
;;;36.495333333333335
;;;36.495333333333335
;;;36.504
;;;36.504
;;;36.51266666666667
0;31.175;30.835;36.51266666666667
;;;36.52133333333333
;;;36.52133333333333
;;;36.53
;;;36.53
;;;36.538666666666664
;;;36.538666666666664
;;;36.547333333333334
0;52.756;34.354;36.547333333333334
;;;36.556
0;52.708;34.255;36.556
;;;36.56466666666667
0;52.669;34.36;36.56466666666667
;;;36.57333333333333
0;52.547;34.383;36.57333333333333
1;26.493;11.181;36.582
0;52.445;34.242;36.582
1;25.762;11.191;36.590666666666664
0;52.503;34.047;36.590666666666664
1;25.347;11.636;36.599333333333334
0;52.643;33.906;36.599333333333334
1;25.548;12.732;36.608
0;52.691;33.855;36.608
0;52.641;33.843;36.61666666666667
;;;36.61666666666667
;;;36.62533333333333
0;52.638;33.799;36.62533333333333
0;52.744;33.761;36.634
;;;36.634
0;52.841;33.921;36.64266666666666
;;;36.64266666666666
0;52.839;34.316;36.65133333333333
;;;36.65133333333333
0;52.836;34.689;36.66
;;;36.66
0;52.891;34.925;36.66866666666667
;;;36.66866666666667
0;52.929;35.278;36.67733333333333
;;;36.67733333333333
;;;36.686
;;;36.686
;;;36.69466666666667
;;;36.69466666666667
;;;36.70333333333333
;;;36.70333333333333
;;;36.712
0;11.036;37.727;36.712
;;;36.720666666666666
;;;36.720666666666666
;;;36.72933333333334
;;;36.72933333333334
;;;36.738
;;;36.738
;;;36.74666666666667
;;;36.74666666666667
;;;36.75533333333333
;;;36.75533333333333
;;;36.764
;;;36.764
;;;36.772666666666666
;;;36.772666666666666
;;;36.781333333333336
;;;36.781333333333336
;;;36.79
;;;36.79
;;;36.79866666666667
;;;36.79866666666667
;;;36.80733333333333
;;;36.80733333333333
;;;36.816
;;;36.816
;;;36.824666666666666
;;;36.824666666666666
;;;36.833333333333336
0;12.544;46.272;36.833333333333336
;;;36.842
;;;36.842
;;;36.85066666666667
;;;36.85066666666667
;;;36.85933333333333
;;;36.85933333333333
;;;36.868
;;;36.868
;;;36.876666666666665
;;;36.876666666666665
;;;36.885333333333335
;;;36.885333333333335
;;;36.894
;;;36.894
;;;36.90266666666667
;;;36.90266666666667
;;;36.91133333333333
;;;36.91133333333333
;;;36.92
;;;36.92
;;;36.928666666666665
;;;36.928666666666665
;;;36.937333333333335
;;;36.937333333333335
;;;36.946
;;;36.946
;;;36.95466666666667
;;;36.95466666666667
;;;36.96333333333333
;;;36.96333333333333
;;;36.972
;;;36.972
;;;36.980666666666664
;;;36.980666666666664
;;;36.989333333333335
;;;36.989333333333335
;;;36.998
;;;36.998
;;;37.00666666666667
;;;37.00666666666667
;;;37.01533333333333
;;;37.01533333333333
;;;37.024
;;;37.024
;;;37.032666666666664
;;;37.032666666666664
;;;37.041333333333334
;;;37.041333333333334
;;;37.05
;;;37.05
;;;37.05866666666667
;;;37.05866666666667
;;;37.06733333333333
;;;37.06733333333333
;;;37.076
;;;37.076
;;;37.084666666666664
;;;37.084666666666664
;;;37.093333333333334
;;;37.093333333333334
;;;37.102
;;;37.102
;;;37.11066666666667
;;;37.11066666666667
;;;37.11933333333333
;;;37.11933333333333
;;;37.128
;;;37.128
;;;37.13666666666666
;;;37.13666666666666
0;37.927;69.008;37.14533333333333
;;;37.14533333333333
;;;37.154
0;38.143;68.923;37.154
0;38.431;68.789;37.16266666666667
;;;37.16266666666667
0;38.737;68.639;37.17133333333334
;;;37.17133333333334
0;38.892;68.589;37.18
;;;37.18
;;;37.18866666666667
;;;37.18866666666667
;;;37.19733333333333
;;;37.19733333333333
;;;37.206
;;;37.206
;;;37.214666666666666
;;;37.214666666666666
0;35.957;67.599;37.223333333333336
;;;37.223333333333336
0;35.305;67.4;37.232
;;;37.232
;;;37.24066666666667
;;;37.24066666666667
;;;37.24933333333333
;;;37.24933333333333
;;;37.258
;;;37.258
;;;37.266666666666666
;;;37.266666666666666
;;;37.275333333333336
;;;37.275333333333336
;;;37.284
;;;37.284
;;;37.29266666666667
;;;37.29266666666667
;;;37.30133333333333
;;;37.30133333333333
;;;37.31
;;;37.31
;;;37.318666666666665
;;;37.318666666666665
;;;37.327333333333335
0;32.427;43.336;37.327333333333335
;;;37.336
0;32.884;39.947;37.336
0;33.139;36.659;37.34466666666667
;;;37.34466666666667
;;;37.35333333333333
;;;37.35333333333333
;;;37.362
;;;37.362
;;;37.370666666666665
;;;37.370666666666665
;;;37.379333333333335
;;;37.379333333333335
;;;37.388
;;;37.388
;;;37.39666666666667
;;;37.39666666666667
;;;37.40533333333333
;;;37.40533333333333
;;;37.414
;;;37.414
;;;37.422666666666665
;;;37.422666666666665
;;;37.431333333333335
;;;37.431333333333335
;;;37.44
;;;37.44
;;;37.44866666666667
;;;37.44866666666667
;;;37.45733333333333
;;;37.45733333333333
;;;37.466
;;;37.466
;;;37.474666666666664
;;;37.474666666666664
;;;37.483333333333334
;;;37.483333333333334
;;;37.492
;;;37.492
;;;37.50066666666667
;;;37.50066666666667
;;;37.50933333333333
;;;37.50933333333333
;;;37.518
;;;37.518
;;;37.526666666666664
;;;37.526666666666664
;;;37.535333333333334
;;;37.535333333333334
;;;37.544
;;;37.544
;;;37.55266666666667
;;;37.55266666666667
;;;37.56133333333333
;;;37.56133333333333
;;;37.57
;;;37.57
;;;37.57866666666666
;;;37.57866666666666
;;;37.58733333333333
;;;37.58733333333333
;;;37.596
;;;37.596
;;;37.60466666666667
;;;37.60466666666667
;;;37.61333333333334
;;;37.61333333333334
;;;37.622
;;;37.622
;;;37.63066666666667
1;50.474;47.326;37.63066666666667
;;;37.63933333333333
;;;37.63933333333333
;;;37.648
;;;37.648
0;51.792;52.267;37.656666666666666
;;;37.656666666666666
;;;37.665333333333336
1;50.898;52.498;37.665333333333336
1;51.006;52.091;37.674
;;;37.674
;;;37.68266666666667
1;51.473;51.445;37.68266666666667
1;51.748;51.365;37.69133333333333
;;;37.69133333333333
1;51.597;51.779;37.7
;;;37.7
1;51.467;52.095;37.708666666666666
;;;37.708666666666666
1;51.644;52.042;37.717333333333336
;;;37.717333333333336
;;;37.726
1;51.934;51.785;37.726
;;;37.73466666666667
1;52.134;51.583;37.73466666666667
;;;37.74333333333333
1;52.169;51.527;37.74333333333333
;;;37.752
1;52.056;51.564;37.752
;;;37.760666666666665
1;51.885;51.76;37.760666666666665
1;51.794;52.0;37.769333333333336
;;;37.769333333333336
;;;37.778
;;;37.778
;;;37.78666666666667
;;;37.78666666666667
;;;37.79533333333333
;;;37.79533333333333
;;;37.804
;;;37.804
;;;37.812666666666665
;;;37.812666666666665
;;;37.821333333333335
;;;37.821333333333335
;;;37.83
;;;37.83
;;;37.83866666666667
;;;37.83866666666667
;;;37.84733333333333
;;;37.84733333333333
;;;37.856
;;;37.856
;;;37.864666666666665
;;;37.864666666666665
;;;37.873333333333335
0;52.324;34.013;37.873333333333335
;;;37.882
0;52.145;33.718;37.882
;;;37.89066666666667
0;52.081;33.554;37.89066666666667
0;52.142;33.546;37.89933333333333
;;;37.89933333333333
0;52.201;33.623;37.908
;;;37.908
0;52.218;33.68;37.916666666666664
1;33.06;2.732;37.916666666666664
0;52.229;33.688;37.925333333333334
1;31.588;3.162;37.925333333333334
1;30.345;3.723;37.934
0;52.241;33.681;37.934
1;29.729;4.593;37.94266666666667
0;52.242;33.678;37.94266666666667
0;52.228;33.678;37.95133333333333
1;30.18;5.884;37.95133333333333
0;52.214;33.681;37.96
1;31.526;7.988;37.96
1;32.883;11.143;37.968666666666664
0;52.224;33.691;37.968666666666664
1;33.58;14.627;37.977333333333334
0;52.24;33.679;37.977333333333334
;;;37.986
0;52.226;33.601;37.986
0;52.186;33.506;37.99466666666667
;;;37.99466666666667
0;52.144;33.514;38.00333333333333
;;;38.00333333333333
;;;38.012
0;52.112;33.607;38.012
;;;38.02066666666666
0;52.098;33.673;38.02066666666666
0;52.104;33.647;38.029333333333334
;;;38.029333333333334
;;;38.038
0;52.11;33.585;38.038
;;;38.04666666666667
0;52.11;33.558;38.04666666666667
;;;38.05533333333333
0;52.106;33.584;38.05533333333333
;;;38.064
0;52.103;33.636;38.064
0;52.104;33.66;38.07266666666667
;;;38.07266666666667
0;52.106;33.64;38.08133333333333
;;;38.08133333333333
0;52.104;33.641;38.09
;;;38.09
0;52.101;33.662;38.09866666666667
;;;38.09866666666667
1;46.071;69.046;38.10733333333334
0;52.103;33.632;38.10733333333334
1;46.096;69.576;38.116
0;52.099;33.62;38.116
1;45.798;69.205;38.12466666666667
0;52.09;33.674;38.12466666666667
1;45.594;68.804;38.13333333333333
0;52.094;33.684;38.13333333333333
1;45.508;68.594;38.142
0;52.124;33.605;38.142
1;45.331;68.565;38.150666666666666
0;52.168;33.533;38.150666666666666
1;44.96;68.666;38.159333333333336
0;52.191;33.512;38.159333333333336
1;44.515;68.75;38.168
0;52.162;33.493;38.168
1;44.202;68.77;38.17666666666667
0;52.086;33.52;38.17666666666667
0;52.018;33.6;38.18533333333333
1;44.17;68.767;38.18533333333333
1;44.355;68.783;38.194
0;52.014;33.669;38.194
1;44.457;68.791;38.202666666666666
0;52.097;33.653;38.202666666666666
1;44.311;68.765;38.211333333333336
0;52.174;33.617;38.211333333333336
1;44.031;68.7;38.22
0;52.159;33.66;38.22
0;52.133;33.695;38.22866666666667
1;43.809;68.611;38.22866666666667
0;52.187;33.658;38.23733333333333
1;43.724;68.571;38.23733333333333
0;52.251;33.606;38.246
1;43.589;68.6;38.246
0;52.258;33.613;38.254666666666665
1;43.225;68.641;38.254666666666665
0;52.25;33.653;38.263333333333335
;;;38.263333333333335
0;52.285;33.662;38.272
;;;38.272
0;52.295;33.64;38.28066666666667
;;;38.28066666666667
;;;38.28933333333333
;;;38.28933333333333
;;;38.298
;;;38.298
;;;38.306666666666665
;;;38.306666666666665
0;60.765;32.637;38.315333333333335
;;;38.315333333333335
;;;38.324
;;;38.324
;;;38.33266666666667
;;;38.33266666666667
;;;38.34133333333333
;;;38.34133333333333
;;;38.35
;;;38.35
;;;38.358666666666664
;;;38.358666666666664
;;;38.367333333333335
0;60.544;6.55;38.367333333333335
;;;38.376
;;;38.376
;;;38.38466666666667
;;;38.38466666666667
;;;38.39333333333333
;;;38.39333333333333
;;;38.402
;;;38.402
0;70.436;22.121;38.410666666666664
;;;38.410666666666664
;;;38.419333333333334
;;;38.419333333333334
;;;38.428
;;;38.428
;;;38.43666666666667
;;;38.43666666666667
;;;38.44533333333333
;;;38.44533333333333
;;;38.454
;;;38.454
;;;38.462666666666664
;;;38.462666666666664
1;10.594;19.229;38.471333333333334
;;;38.471333333333334
;;;38.48
1;10.458;18.929;38.48
;;;38.48866666666667
1;10.955;18.866;38.48866666666667
;;;38.49733333333333
1;11.218;18.708;38.49733333333333
;;;38.506
;;;38.506
;;;38.51466666666666
;;;38.51466666666666
;;;38.52333333333333
1;55.357;68.569;38.52333333333333
;;;38.532
1;55.927;68.654;38.532
1;56.477;68.687;38.54066666666667
;;;38.54066666666667
;;;38.54933333333334
;;;38.54933333333334
;;;38.558
;;;38.558
;;;38.56666666666667
;;;38.56666666666667
;;;38.57533333333333
;;;38.57533333333333
;;;38.584
;;;38.584
;;;38.592666666666666
;;;38.592666666666666
;;;38.601333333333336
;;;38.601333333333336
;;;38.61
;;;38.61
;;;38.61866666666667
;;;38.61866666666667
1;21.269;18.103;38.62733333333333
;;;38.62733333333333
;;;38.636
;;;38.636
;;;38.644666666666666
;;;38.644666666666666
;;;38.653333333333336
;;;38.653333333333336
;;;38.662
;;;38.662
;;;38.67066666666667
;;;38.67066666666667
;;;38.67933333333333
;;;38.67933333333333
;;;38.688
;;;38.688
;;;38.696666666666665
;;;38.696666666666665
;;;38.705333333333336
;;;38.705333333333336
;;;38.714
;;;38.714
;;;38.72266666666667
;;;38.72266666666667
;;;38.73133333333333
;;;38.73133333333333
;;;38.74
;;;38.74
;;;38.748666666666665
;;;38.748666666666665
;;;38.757333333333335
;;;38.757333333333335
;;;38.766
;;;38.766
;;;38.77466666666667
;;;38.77466666666667
;;;38.78333333333333
;;;38.78333333333333
;;;38.792
1;53.809;68.757;38.792
;;;38.800666666666665
1;54.087;68.742;38.800666666666665
1;54.341;68.719;38.809333333333335
;;;38.809333333333335
;;;38.818
1;54.568;68.686;38.818
1;54.765;68.637;38.82666666666667
;;;38.82666666666667
1;54.849;68.613;38.83533333333333
;;;38.83533333333333
;;;38.844
;;;38.844
;;;38.852666666666664
;;;38.852666666666664
;;;38.861333333333334
;;;38.861333333333334
;;;38.87
;;;38.87
;;;38.87866666666667
;;;38.87866666666667
;;;38.88733333333333
;;;38.88733333333333
;;;38.896
;;;38.896
;;;38.904666666666664
;;;38.904666666666664
;;;38.913333333333334
;;;38.913333333333334
;;;38.922
;;;38.922
0;59.482;46.295;38.93066666666667
;;;38.93066666666667
;;;38.93933333333333
0;58.705;45.934;38.93933333333333
;;;38.948
;;;38.948
;;;38.95666666666666
;;;38.95666666666666
0;61.616;47.117;38.965333333333334
;;;38.965333333333334
;;;38.974
0;61.756;48.176;38.974
;;;38.98266666666667
0;61.539;50.03;38.98266666666667
0;60.648;52.337;38.99133333333333
0;31.466;0.605;38.99133333333333
0;32.024;0.677;39.0
0;59.069;54.578;39.0
0;32.469;0.617;39.00866666666667
0;57.487;56.575;39.00866666666667
0;32.705;0.481;39.01733333333333
0;56.694;58.718;39.01733333333333
0;32.845;0.344;39.026
0;56.809;61.149;39.026
0;33.05;0.202;39.034666666666666
;;;39.034666666666666
;;;39.04333333333334
0;33.334;0.13;39.04333333333334
;;;39.052
0;33.591;0.148;39.052
0;33.866;-0.216;39.06066666666667
;;;39.06066666666667
0;34.406;-1.086;39.06933333333333
0;58.712;62.905;39.06933333333333
0;58.968;61.612;39.078
;;;39.078
;;;39.086666666666666
;;;39.086666666666666
;;;39.095333333333336
;;;39.095333333333336
;;;39.104
;;;39.104
;;;39.11266666666667
;;;39.11266666666667
;;;39.12133333333333
;;;39.12133333333333
;;;39.13
;;;39.13
;;;39.138666666666666
;;;39.138666666666666
;;;39.147333333333336
;;;39.147333333333336
;;;39.156
;;;39.156
;;;39.16466666666667
0;56.64;11.679;39.16466666666667
;;;39.17333333333333
;;;39.17333333333333
;;;39.182
;;;39.182
;;;39.190666666666665
;;;39.190666666666665
;;;39.199333333333335
;;;39.199333333333335
;;;39.208
0;43.402;3.655;39.208
;;;39.21666666666667
0;44.649;5.651;39.21666666666667
;;;39.22533333333333
0;45.96;7.869;39.22533333333333
;;;39.234
;;;39.234
;;;39.242666666666665
;;;39.242666666666665
;;;39.251333333333335
;;;39.251333333333335
0;45.941;54.306;39.26
;;;39.26
;;;39.26866666666667
;;;39.26866666666667
;;;39.27733333333333
;;;39.27733333333333
;;;39.286
;;;39.286
0;55.247;45.554;39.294666666666664
;;;39.294666666666664
;;;39.303333333333335
;;;39.303333333333335
0;27.603;55.383;39.312
;;;39.312
;;;39.32066666666667
;;;39.32066666666667
;;;39.32933333333333
0;50.189;58.185;39.32933333333333
;;;39.338
;;;39.338
;;;39.346666666666664
;;;39.346666666666664
;;;39.355333333333334
;;;39.355333333333334
;;;39.364
;;;39.364
;;;39.37266666666667
;;;39.37266666666667
;;;39.38133333333333
;;;39.38133333333333
0;39.309;57.143;39.39
0;45.522;60.518;39.39
0;44.525;60.159;39.398666666666664
0;38.838;59.347;39.398666666666664
;;;39.407333333333334
0;37.764;61.266;39.407333333333334
;;;39.416
0;36.776;63.153;39.416
0;36.467;65.223;39.42466666666667
;;;39.42466666666667
;;;39.43333333333333
;;;39.43333333333333
;;;39.442
;;;39.442
;;;39.45066666666666
;;;39.45066666666666
;;;39.45933333333333
;;;39.45933333333333
;;;39.468
;;;39.468
;;;39.47666666666667
;;;39.47666666666667
;;;39.48533333333334
;;;39.48533333333334
;;;39.494
;;;39.494
;;;39.50266666666667
;;;39.50266666666667
;;;39.51133333333333
;;;39.51133333333333
;;;39.52
;;;39.52
1;48.715;35.441;39.528666666666666
;;;39.528666666666666
;;;39.537333333333336
1;52.524;34.879;39.537333333333336
;;;39.546
;;;39.546
;;;39.55466666666667
;;;39.55466666666667
;;;39.56333333333333
;;;39.56333333333333
;;;39.572
;;;39.572
;;;39.580666666666666
;;;39.580666666666666
;;;39.589333333333336
1;75.342;48.601;39.589333333333336
;;;39.598
;;;39.598
;;;39.60666666666667
;;;39.60666666666667
;;;39.61533333333333
;;;39.61533333333333
;;;39.624
;;;39.624
;;;39.632666666666665
;;;39.632666666666665
;;;39.641333333333336
;;;39.641333333333336
;;;39.65
;;;39.65
;;;39.65866666666667
;;;39.65866666666667
;;;39.66733333333333
;;;39.66733333333333
;;;39.676
;;;39.676
;;;39.684666666666665
;;;39.684666666666665
;;;39.693333333333335
;;;39.693333333333335
;;;39.702
;;;39.702
1;60.443;30.44;39.71066666666667
;;;39.71066666666667
;;;39.71933333333333
1;60.753;30.604;39.71933333333333
;;;39.728
1;60.188;30.682;39.728
;;;39.736666666666665
1;58.644;31.059;39.736666666666665
;;;39.745333333333335
;;;39.745333333333335
;;;39.754
;;;39.754
;;;39.76266666666667
;;;39.76266666666667
;;;39.77133333333333
;;;39.77133333333333
;;;39.78
;;;39.78
;;;39.788666666666664
;;;39.788666666666664
;;;39.797333333333334
;;;39.797333333333334
;;;39.806
;;;39.806
;;;39.81466666666667
;;;39.81466666666667
;;;39.82333333333333
0;87.071;34.47;39.82333333333333
;;;39.832
0;85.719;34.415;39.832
;;;39.840666666666664
0;84.203;34.861;39.840666666666664
1;58.548;30.287;39.849333333333334
;;;39.849333333333334
;;;39.858
;;;39.858
0;72.57;36.222;39.86666666666667
;;;39.86666666666667
0;70.53;36.586;39.87533333333333
;;;39.87533333333333
;;;39.884
1;52.081;35.017;39.884
;;;39.89266666666666
;;;39.89266666666666
;;;39.90133333333333
;;;39.90133333333333
;;;39.91
;;;39.91
;;;39.91866666666667
;;;39.91866666666667
;;;39.92733333333333
1;37.869;19.779;39.92733333333333
;;;39.936
1;35.95;20.475;39.936
1;34.207;22.374;39.94466666666667
;;;39.94466666666667
;;;39.95333333333333
;;;39.95333333333333
;;;39.962
;;;39.962
;;;39.970666666666666
;;;39.970666666666666
;;;39.97933333333334
;;;39.97933333333334
;;;39.988
;;;39.988
;;;39.99666666666667
;;;39.99666666666667
;;;40.00533333333333
;;;40.00533333333333
;;;40.014
;;;40.014
;;;40.022666666666666
;;;40.022666666666666
;;;40.031333333333336
;;;40.031333333333336
;;;40.04
;;;40.04
;;;40.04866666666667
;;;40.04866666666667
0;48.186;56.107;40.05733333333333
;;;40.05733333333333
0;52.217;55.849;40.066
;;;40.066
;;;40.074666666666666
0;56.401;55.461;40.074666666666666
;;;40.083333333333336
0;60.515;55.285;40.083333333333336
0;64.287;55.291;40.092
;;;40.092
;;;40.10066666666667
;;;40.10066666666667
;;;40.10933333333333
;;;40.10933333333333
;;;40.118
;;;40.118
;;;40.126666666666665
;;;40.126666666666665
;;;40.135333333333335
;;;40.135333333333335
;;;40.144
;;;40.144
;;;40.15266666666667
;;;40.15266666666667
;;;40.16133333333333
;;;40.16133333333333
;;;40.17
1;99.577;62.467;40.17
;;;40.178666666666665
1;100.184;65.355;40.178666666666665
;;;40.187333333333335
;;;40.187333333333335
1;32.978;68.381;40.196
;;;40.196
;;;40.20466666666667
1;33.132;68.518;40.20466666666667
1;33.235;68.562;40.21333333333333
;;;40.21333333333333
;;;40.222
1;33.378;68.564;40.222
;;;40.230666666666664
1;33.63;68.603;40.230666666666664
1;33.968;68.628;40.239333333333335
;;;40.239333333333335
;;;40.248
1;34.336;68.6;40.248
0;58.574;66.793;40.25666666666667
1;34.721;68.612;40.25666666666667
0;58.359;65.899;40.26533333333333
1;35.089;68.633;40.26533333333333
;;;40.274
1;35.398;68.594;40.274
1;35.666;68.6;40.282666666666664
;;;40.282666666666664
1;35.919;68.688;40.291333333333334
;;;40.291333333333334
;;;40.3
1;36.155;68.716;40.3
1;36.393;68.661;40.30866666666667
;;;40.30866666666667
1;36.617;68.64;40.31733333333333
;;;40.31733333333333
1;36.775;68.651;40.326
;;;40.326
;;;40.334666666666664
1;36.9;68.608;40.334666666666664
1;37.05;68.526;40.343333333333334
;;;40.343333333333334
1;37.233;68.515;40.352
0;48.623;34.065;40.352
0;48.956;35.359;40.36066666666667
1;37.458;68.577;40.36066666666667
1;37.66;68.655;40.36933333333333
;;;40.36933333333333
;;;40.378
1;37.806;68.876;40.378
;;;40.38666666666666
1;37.907;69.215;40.38666666666666
;;;40.39533333333333
1;37.962;69.342;40.39533333333333
;;;40.404
1;38.006;69.192;40.404
1;38.066;68.894;40.41266666666667
0;55.639;63.133;40.41266666666667
;;;40.42133333333334
0;55.417;62.916;40.42133333333334
;;;40.43
;;;40.43
1;38.51;68.406;40.43866666666667
;;;40.43866666666667
1;38.821;68.46;40.44733333333333
;;;40.44733333333333
1;39.001;68.469;40.456
;;;40.456
0;63.364;56.125;40.464666666666666
1;38.976;68.456;40.464666666666666
;;;40.473333333333336
;;;40.473333333333336
;;;40.482
;;;40.482
;;;40.49066666666667
;;;40.49066666666667
0;51.23;62.073;40.49933333333333
;;;40.49933333333333
0;50.723;60.753;40.508
;;;40.508
;;;40.516666666666666
0;50.97;58.707;40.516666666666666
;;;40.525333333333336
;;;40.525333333333336
;;;40.534
;;;40.534
;;;40.54266666666667
;;;40.54266666666667
;;;40.55133333333333
;;;40.55133333333333
;;;40.56
;;;40.56
;;;40.568666666666665
;;;40.568666666666665
0;38.074;24.946;40.577333333333335
;;;40.577333333333335
0;38.898;22.338;40.586
;;;40.586
;;;40.59466666666667
;;;40.59466666666667
;;;40.60333333333333
;;;40.60333333333333
;;;40.612
;;;40.612
;;;40.620666666666665
;;;40.620666666666665
;;;40.629333333333335
;;;40.629333333333335
;;;40.638
;;;40.638
;;;40.64666666666667
;;;40.64666666666667
;;;40.65533333333333
;;;40.65533333333333
;;;40.664
;;;40.664
1;95.364;8.758;40.672666666666665
;;;40.672666666666665
1;98.397;8.437;40.681333333333335
;;;40.681333333333335
;;;40.69
1;100.683;8.393;40.69
;;;40.69866666666667
;;;40.69866666666667
;;;40.70733333333333
;;;40.70733333333333
;;;40.716
;;;40.716
;;;40.724666666666664
;;;40.724666666666664
;;;40.733333333333334
;;;40.733333333333334
;;;40.742
;;;40.742
;;;40.75066666666667
;;;40.75066666666667
;;;40.75933333333333
;;;40.75933333333333
;;;40.768
;;;40.768
;;;40.776666666666664
;;;40.776666666666664
;;;40.785333333333334
;;;40.785333333333334
;;;40.794
;;;40.794
;;;40.80266666666667
;;;40.80266666666667
0;61.55;13.461;40.81133333333333
;;;40.81133333333333
;;;40.82
;;;40.82
;;;40.82866666666666
;;;40.82866666666666
;;;40.83733333333333
;;;40.83733333333333
;;;40.846
;;;40.846
;;;40.85466666666667
1;58.543;14.306;40.85466666666667
1;58.48;14.399;40.86333333333334
1;82.425;65.221;40.86333333333334
1;81.518;64.817;40.872
1;58.459;14.55;40.872
;;;40.88066666666667
1;58.466;14.557;40.88066666666667
;;;40.88933333333333
1;58.499;14.472;40.88933333333333
1;58.584;14.363;40.898
;;;40.898
;;;40.906666666666666
1;58.638;14.302;40.906666666666666
;;;40.915333333333336
1;58.6;14.33;40.915333333333336
1;58.564;14.414;40.924
;;;40.924
1;58.558;14.498;40.93266666666667
;;;40.93266666666667
1;58.551;14.593;40.94133333333333
;;;40.94133333333333
;;;40.95
1;58.549;14.783;40.95
1;58.526;14.988;40.958666666666666
;;;40.958666666666666
;;;40.967333333333336
1;58.478;15.099;40.967333333333336
1;58.509;15.095;40.976
;;;40.976
1;58.591;15.0;40.98466666666667
;;;40.98466666666667
1;58.63;14.937;40.99333333333333
;;;40.99333333333333
1;58.629;14.933;41.002
;;;41.002
1;58.628;15.004;41.010666666666665
;;;41.010666666666665
;;;41.019333333333336
;;;41.019333333333336
;;;41.028
;;;41.028
;;;41.03666666666667
;;;41.03666666666667
;;;41.04533333333333
1;59.121;11.587;41.04533333333333
1;26.688;6.92;41.054
1;58.88;11.593;41.054
1;25.164;9.104;41.062666666666665
1;58.571;11.668;41.062666666666665
1;22.817;11.011;41.071333333333335
1;58.266;11.877;41.071333333333335
1;19.914;12.863;41.08
1;57.946;12.091;41.08
1;57.637;12.26;41.08866666666667
1;17.284;15.058;41.08866666666667
1;15.039;17.59;41.09733333333333
1;57.476;12.412;41.09733333333333
1;12.517;19.89;41.106
1;57.521;12.58;41.106
1;9.368;21.043;41.114666666666665
1;57.694;12.758;41.114666666666665
;;;41.123333333333335
1;57.873;12.884;41.123333333333335
;;;41.132
1;57.963;12.989;41.132
;;;41.14066666666667
1;57.936;13.027;41.14066666666667
1;57.801;12.954;41.14933333333333
;;;41.14933333333333
1;57.65;12.842;41.158
;;;41.158
;;;41.166666666666664
1;57.599;12.795;41.166666666666664
1;57.645;12.826;41.175333333333334
;;;41.175333333333334
;;;41.184
1;57.7;12.926;41.184
1;57.709;13.024;41.19266666666667
;;;41.19266666666667
1;57.699;13.041;41.20133333333333
0;26.433;45.069;41.20133333333333
1;57.704;12.949;41.21
0;28.551;48.014;41.21
1;57.752;12.784;41.218666666666664
;;;41.218666666666664
;;;41.227333333333334
1;57.849;12.699;41.227333333333334
1;57.953;12.792;41.236
;;;41.236
;;;41.24466666666667
1;58.009;12.92;41.24466666666667
0;39.264;33.658;41.25333333333333
1;58.011;12.899;41.25333333333333
0;41.809;31.513;41.262
1;57.944;12.828;41.262
1;57.819;12.921;41.27066666666666
;;;41.27066666666666
;;;41.279333333333334
1;57.684;13.212;41.279333333333334
1;57.552;13.591;41.288
;;;41.288
;;;41.29666666666667
1;57.468;13.798;41.29666666666667
0;55.385;21.539;41.30533333333333
1;57.522;13.7;41.30533333333333
1;57.644;13.615;41.314
0;57.85;20.396;41.314
0;59.89;20.37;41.32266666666667
1;57.625;14.093;41.32266666666667
;;;41.33133333333333
0;60.92;21.348;41.33133333333333
0;60.625;22.774;41.34
;;;41.34
0;59.671;23.866;41.34866666666667
;;;41.34866666666667
;;;41.35733333333334
0;59.23;23.927;41.35733333333334
;;;41.366
0;59.685;22.955;41.366
;;;41.37466666666667
;;;41.37466666666667
;;;41.38333333333333
1;58.865;18.804;41.38333333333333
1;59.016;18.837;41.392
;;;41.392
1;59.059;18.621;41.400666666666666
;;;41.400666666666666
;;;41.409333333333336
0;72.669;1.59;41.409333333333336
0;73.633;1.786;41.418
;;;41.418
0;74.494;2.593;41.42666666666667
;;;41.42666666666667
;;;41.43533333333333
;;;41.43533333333333
;;;41.444
;;;41.444
;;;41.452666666666666
;;;41.452666666666666
;;;41.461333333333336
;;;41.461333333333336
1;66.285;2.837;41.47
;;;41.47
;;;41.47866666666667
;;;41.47866666666667
;;;41.48733333333333
;;;41.48733333333333
;;;41.496
;;;41.496
;;;41.504666666666665
;;;41.504666666666665
0;78.975;5.792;41.513333333333335
;;;41.513333333333335
0;77.756;6.884;41.522
;;;41.522
;;;41.53066666666667
;;;41.53066666666667
;;;41.53933333333333
;;;41.53933333333333
;;;41.548
;;;41.548
;;;41.556666666666665
;;;41.556666666666665
;;;41.565333333333335
;;;41.565333333333335
;;;41.574
;;;41.574
;;;41.58266666666667
;;;41.58266666666667
;;;41.59133333333333
;;;41.59133333333333
;;;41.6
;;;41.6
;;;41.608666666666664
;;;41.608666666666664
;;;41.617333333333335
;;;41.617333333333335
;;;41.626
;;;41.626
;;;41.63466666666667
;;;41.63466666666667
;;;41.64333333333333
;;;41.64333333333333
;;;41.652
;;;41.652
;;;41.660666666666664
;;;41.660666666666664
;;;41.669333333333334
;;;41.669333333333334
;;;41.678
0;48.94;36.698;41.678
;;;41.68666666666667
0;49.008;37.644;41.68666666666667
0;49.068;37.977;41.69533333333333
;;;41.69533333333333
;;;41.704
;;;41.704
;;;41.712666666666664
;;;41.712666666666664
;;;41.721333333333334
;;;41.721333333333334
;;;41.73
;;;41.73
0;47.679;23.524;41.73866666666667
;;;41.73866666666667
1;78.862;50.806;41.74733333333333
;;;41.74733333333333
;;;41.756
1;83.035;51.852;41.756
1;87.257;52.691;41.76466666666666
;;;41.76466666666666
0;40.838;34.578;41.77333333333333
1;91.185;53.614;41.77333333333333
1;93.923;54.328;41.782
0;41.315;35.69;41.782
;;;41.79066666666667
1;94.59;54.693;41.79066666666667
;;;41.79933333333334
1;93.553;55.126;41.79933333333334
;;;41.808
;;;41.808
;;;41.81666666666667
;;;41.81666666666667
;;;41.82533333333333
;;;41.82533333333333
0;47.769;61.818;41.834
;;;41.834
0;49.004;62.741;41.842666666666666
;;;41.842666666666666
;;;41.851333333333336
0;50.175;63.254;41.851333333333336
;;;41.86
;;;41.86
;;;41.86866666666667
;;;41.86866666666667
;;;41.87733333333333
;;;41.87733333333333
;;;41.886
;;;41.886
;;;41.894666666666666
;;;41.894666666666666
;;;41.903333333333336
;;;41.903333333333336
;;;41.912
0;71.962;58.792;41.912
;;;41.92066666666667
;;;41.92066666666667
;;;41.92933333333333
;;;41.92933333333333
;;;41.938
;;;41.938
;;;41.946666666666665
;;;41.946666666666665
;;;41.955333333333336
;;;41.955333333333336
;;;41.964
;;;41.964
;;;41.97266666666667
1;80.676;52.998;41.97266666666667
;;;41.98133333333333
1;81.006;51.591;41.98133333333333
1;83.862;8.416;41.99
;;;41.99
1;84.295;9.246;41.998666666666665
;;;41.998666666666665
1;84.793;9.854;42.007333333333335
;;;42.007333333333335
;;;42.016
1;84.985;10.084;42.016
1;84.688;9.807;42.02466666666667
;;;42.02466666666667
1;83.741;9.569;42.03333333333333
;;;42.03333333333333
1;82.297;10.29;42.042
;;;42.042
;;;42.050666666666665
1;80.953;12.314;42.050666666666665
1;56.637;27.411;42.059333333333335
1;80.153;15.053;42.059333333333335
;;;42.068
;;;42.068
;;;42.07666666666667
;;;42.07666666666667
;;;42.08533333333333
;;;42.08533333333333
;;;42.094
1;43.858;17.058;42.094
;;;42.102666666666664
;;;42.102666666666664
;;;42.111333333333334
;;;42.111333333333334
;;;42.12
;;;42.12
;;;42.12866666666667
;;;42.12866666666667
;;;42.13733333333333
0;77.072;27.564;42.13733333333333
0;75.99;27.334;42.146
;;;42.146
;;;42.154666666666664
;;;42.154666666666664
;;;42.163333333333334
;;;42.163333333333334
;;;42.172
;;;42.172
;;;42.18066666666667
;;;42.18066666666667
;;;42.18933333333333
;;;42.18933333333333
;;;42.198
1;63.354;17.815;42.198
;;;42.20666666666666
1;63.322;15.854;42.20666666666666
;;;42.215333333333334
1;64.351;14.03;42.215333333333334
;;;42.224
1;37.804;-1.224;42.224
;;;42.23266666666667
;;;42.23266666666667
;;;42.24133333333333
;;;42.24133333333333
;;;42.25
;;;42.25
;;;42.25866666666667
1;64.544;15.457;42.25866666666667
;;;42.26733333333333
1;64.275;16.131;42.26733333333333
;;;42.276
1;63.73;17.186;42.276
;;;42.284666666666666
;;;42.284666666666666
;;;42.29333333333334
;;;42.29333333333334
;;;42.302
;;;42.302
;;;42.31066666666667
;;;42.31066666666667
;;;42.31933333333333
;;;42.31933333333333
;;;42.328
;;;42.328
;;;42.336666666666666
;;;42.336666666666666
;;;42.345333333333336
;;;42.345333333333336
;;;42.354
;;;42.354
;;;42.36266666666667
;;;42.36266666666667
;;;42.37133333333333
;;;42.37133333333333
;;;42.38
;;;42.38
;;;42.388666666666666
;;;42.388666666666666
;;;42.397333333333336
;;;42.397333333333336
;;;42.406
;;;42.406
;;;42.41466666666667
;;;42.41466666666667
;;;42.42333333333333
;;;42.42333333333333
;;;42.432
;;;42.432
;;;42.440666666666665
;;;42.440666666666665
;;;42.449333333333335
;;;42.449333333333335
;;;42.458
1;35.431;0.558;42.458
1;35.409;0.609;42.46666666666667
;;;42.46666666666667
1;35.38;0.774;42.47533333333333
;;;42.47533333333333
1;35.38;0.709;42.484
;;;42.484
;;;42.492666666666665
1;35.376;-0.036;42.492666666666665
1;35.31;-1.024;42.501333333333335
;;;42.501333333333335
;;;42.51
1;35.237;-1.58;42.51
;;;42.51866666666667
;;;42.51866666666667
;;;42.52733333333333
;;;42.52733333333333
;;;42.536
;;;42.536
;;;42.544666666666664
;;;42.544666666666664
;;;42.553333333333335
;;;42.553333333333335
;;;42.562
;;;42.562
1;25.261;3.064;42.57066666666667
;;;42.57066666666667
;;;42.57933333333333
;;;42.57933333333333
;;;42.588
;;;42.588
;;;42.596666666666664
;;;42.596666666666664
;;;42.605333333333334
;;;42.605333333333334
;;;42.614
;;;42.614
;;;42.62266666666667
;;;42.62266666666667
;;;42.63133333333333
;;;42.63133333333333
;;;42.64
;;;42.64
;;;42.648666666666664
;;;42.648666666666664
;;;42.657333333333334
;;;42.657333333333334
;;;42.666
;;;42.666
;;;42.67466666666667
;;;42.67466666666667
;;;42.68333333333333
;;;42.68333333333333
;;;42.692
0;62.22;23.383;42.692
0;62.169;23.476;42.70066666666666
;;;42.70066666666666
0;62.043;23.518;42.70933333333333
;;;42.70933333333333
;;;42.718
0;61.863;23.404;42.718
0;61.724;23.283;42.72666666666667
;;;42.72666666666667
0;61.663;23.258;42.73533333333334
;;;42.73533333333334
1;21.397;66.162;42.744
0;61.648;23.283;42.744
0;61.622;23.355;42.75266666666667
;;;42.75266666666667
;;;42.76133333333333
0;61.616;23.38;42.76133333333333
;;;42.77
;;;42.77
;;;42.778666666666666
1;15.347;60.765;42.778666666666666
;;;42.787333333333336
1;15.63;59.868;42.787333333333336
;;;42.796
;;;42.796
;;;42.80466666666667
;;;42.80466666666667
;;;42.81333333333333
;;;42.81333333333333
;;;42.822
;;;42.822
;;;42.830666666666666
;;;42.830666666666666
0;46.722;2.785;42.839333333333336
;;;42.839333333333336
;;;42.848
;;;42.848
1;34.949;48.909;42.85666666666667
;;;42.85666666666667
;;;42.86533333333333
;;;42.86533333333333
;;;42.874
;;;42.874
;;;42.882666666666665
0;28.285;2.808;42.882666666666665
;;;42.891333333333336
;;;42.891333333333336
;;;42.9
;;;42.9
;;;42.90866666666667
;;;42.90866666666667
;;;42.91733333333333
;;;42.91733333333333
;;;42.926
;;;42.926
;;;42.934666666666665
0;12.808;53.373;42.934666666666665
0;11.389;51.901;42.943333333333335
;;;42.943333333333335
;;;42.952
;;;42.952
;;;42.96066666666667
;;;42.96066666666667
;;;42.96933333333333
;;;42.96933333333333
;;;42.978
;;;42.978
;;;42.986666666666665
;;;42.986666666666665
;;;42.995333333333335
;;;42.995333333333335
;;;43.004
;;;43.004
;;;43.01266666666667
;;;43.01266666666667
;;;43.02133333333333
;;;43.02133333333333
;;;43.03
;;;43.03
0;24.278;56.28;43.038666666666664
;;;43.038666666666664
;;;43.047333333333334
0;24.838;56.592;43.047333333333334
;;;43.056
0;25.799;57.183;43.056
0;25.142;57.466;43.06466666666667
;;;43.06466666666667
0;25.641;57.424;43.07333333333333
;;;43.07333333333333
0;26.077;57.233;43.082
;;;43.082
0;26.366;56.938;43.090666666666664
;;;43.090666666666664
;;;43.099333333333334
0;26.471;56.552;43.099333333333334
0;26.419;56.134;43.108
;;;43.108
0;26.231;55.67;43.11666666666667
;;;43.11666666666667
;;;43.12533333333333
0;26.016;55.154;43.12533333333333
;;;43.134
0;25.904;54.74;43.134
;;;43.14266666666666
0;25.925;54.623;43.14266666666666
;;;43.15133333333333
0;25.961;54.715;43.15133333333333
;;;43.16
0;25.951;54.803;43.16
0;25.932;54.818;43.16866666666667
;;;43.16866666666667
0;25.941;54.835;43.17733333333333
0;1.12;0.828;43.17733333333333
0;25.992;54.861;43.186
0;0.801;0.842;43.186
0;0.94;1.036;43.19466666666667
0;26.015;54.77;43.19466666666667
0;1.192;1.189;43.20333333333333
0;25.873;54.512;43.20333333333333
0;1.192;1.226;43.212
;;;43.212
0;1.142;1.202;43.220666666666666
;;;43.220666666666666
;;;43.22933333333334
0;1.173;1.18;43.22933333333334
;;;43.238
0;1.149;1.205;43.238
;;;43.24666666666667
0;0.974;1.267;43.24666666666667
;;;43.25533333333333
0;0.828;1.289;43.25533333333333
;;;43.264
0;0.984;1.206;43.264
0;1.491;1.012;43.272666666666666
;;;43.272666666666666
;;;43.281333333333336
0;2.169;0.806;43.281333333333336
;;;43.29
;;;43.29
;;;43.29866666666667
;;;43.29866666666667
;;;43.30733333333333
;;;43.30733333333333
;;;43.316
;;;43.316
;;;43.324666666666666
;;;43.324666666666666
;;;43.333333333333336
;;;43.333333333333336
;;;43.342
;;;43.342
;;;43.35066666666667
;;;43.35066666666667
;;;43.35933333333333
;;;43.35933333333333
;;;43.368
;;;43.368
;;;43.376666666666665
;;;43.376666666666665
1;30.35;57.448;43.385333333333335
;;;43.385333333333335
1;30.291;57.946;43.394
;;;43.394
1;30.424;57.949;43.40266666666667
;;;43.40266666666667
1;30.678;57.474;43.41133333333333
;;;43.41133333333333
;;;43.42
1;30.981;56.694;43.42
;;;43.428666666666665
1;31.314;55.782;43.428666666666665
;;;43.437333333333335
;;;43.437333333333335
;;;43.446
;;;43.446
;;;43.45466666666667
;;;43.45466666666667
;;;43.46333333333333
;;;43.46333333333333
;;;43.472
;;;43.472
;;;43.480666666666664
;;;43.480666666666664
;;;43.489333333333335
;;;43.489333333333335
;;;43.498
;;;43.498
;;;43.50666666666667
;;;43.50666666666667
;;;43.51533333333333
;;;43.51533333333333
0;30.769;56.113;43.524
;;;43.524
0;31.076;56.547;43.532666666666664
;;;43.532666666666664
0;31.457;57.146;43.541333333333334
0;0.442;0.622;43.541333333333334
0;0.366;0.587;43.55
0;31.771;57.557;43.55
0;0.383;0.589;43.55866666666667
0;31.927;57.673;43.55866666666667
0;0.375;0.585;43.56733333333333
0;31.96;57.622;43.56733333333333
0;31.924;57.541;43.576
0;0.303;0.593;43.576
0;31.846;57.464;43.584666666666664
0;0.286;0.628;43.584666666666664
0;31.758;57.375;43.593333333333334
0;0.723;0.59;43.593333333333334
0;31.685;57.296;43.602
0;1.734;0.336;43.602
0;31.666;57.331;43.61066666666667
;;;43.61066666666667
;;;43.61933333333333
0;31.971;57.509;43.61933333333333
;;;43.628
;;;43.628
;;;43.63666666666666
;;;43.63666666666666
;;;43.64533333333333
;;;43.64533333333333
;;;43.654
;;;43.654
;;;43.66266666666667
;;;43.66266666666667
;;;43.67133333333334
0;1.316;0.947;43.67133333333334
0;1.076;1.364;43.68
;;;43.68
;;;43.68866666666667
0;1.234;2.065;43.68866666666667
;;;43.69733333333333
;;;43.69733333333333
;;;43.706
0;72.605;67.531;43.706
;;;43.714666666666666
;;;43.714666666666666
;;;43.723333333333336
;;;43.723333333333336
;;;43.732
;;;43.732
;;;43.74066666666667
;;;43.74066666666667
0;67.539;58.39;43.74933333333333
;;;43.74933333333333
;;;43.758
;;;43.758
;;;43.766666666666666
;;;43.766666666666666
;;;43.775333333333336
;;;43.775333333333336
;;;43.784
;;;43.784
;;;43.79266666666667
;;;43.79266666666667
;;;43.80133333333333
;;;43.80133333333333
;;;43.81
;;;43.81
;;;43.818666666666665
;;;43.818666666666665
;;;43.827333333333335
;;;43.827333333333335
;;;43.836
;;;43.836
;;;43.84466666666667
;;;43.84466666666667
;;;43.85333333333333
;;;43.85333333333333
;;;43.862
;;;43.862
;;;43.870666666666665
;;;43.870666666666665
;;;43.879333333333335
;;;43.879333333333335
;;;43.888
;;;43.888
;;;43.89666666666667
;;;43.89666666666667
;;;43.90533333333333
;;;43.90533333333333
;;;43.914
;;;43.914
;;;43.922666666666665
;;;43.922666666666665
;;;43.931333333333335
;;;43.931333333333335
;;;43.94
;;;43.94
;;;43.94866666666667
;;;43.94866666666667
;;;43.95733333333333
;;;43.95733333333333
;;;43.966
;;;43.966
;;;43.974666666666664
0;41.784;52.099;43.974666666666664
;;;43.983333333333334
;;;43.983333333333334
;;;43.992
;;;43.992
;;;44.00066666666667
;;;44.00066666666667
;;;44.00933333333333
;;;44.00933333333333
;;;44.018
;;;44.018
;;;44.026666666666664
;;;44.026666666666664
;;;44.035333333333334
;;;44.035333333333334
;;;44.044
;;;44.044
;;;44.05266666666667
;;;44.05266666666667
;;;44.06133333333333
;;;44.06133333333333
;;;44.07
;;;44.07
;;;44.07866666666666
;;;44.07866666666666
;;;44.08733333333333
;;;44.08733333333333
;;;44.096
;;;44.096
;;;44.10466666666667
;;;44.10466666666667
;;;44.11333333333334
;;;44.11333333333334
;;;44.122
;;;44.122
;;;44.13066666666667
;;;44.13066666666667
;;;44.13933333333333
1;77.881;31.886;44.13933333333333
0;76.685;32.544;44.148
;;;44.148
;;;44.156666666666666
;;;44.156666666666666
;;;44.165333333333336
;;;44.165333333333336
;;;44.174
;;;44.174
;;;44.18266666666667
;;;44.18266666666667
;;;44.19133333333333
;;;44.19133333333333
;;;44.2
0;62.588;29.45;44.2
0;61.966;31.444;44.208666666666666
;;;44.208666666666666
;;;44.217333333333336
0;62.393;33.51;44.217333333333336
;;;44.226
;;;44.226
;;;44.23466666666667
;;;44.23466666666667
;;;44.24333333333333
;;;44.24333333333333
;;;44.252
;;;44.252
;;;44.260666666666665
;;;44.260666666666665
;;;44.269333333333336
;;;44.269333333333336
;;;44.278
;;;44.278
;;;44.28666666666667
;;;44.28666666666667
;;;44.29533333333333
;;;44.29533333333333
;;;44.304
;;;44.304
;;;44.312666666666665
;;;44.312666666666665
;;;44.321333333333335
;;;44.321333333333335
;;;44.33
;;;44.33
;;;44.33866666666667
;;;44.33866666666667
;;;44.34733333333333
;;;44.34733333333333
;;;44.356
;;;44.356
;;;44.364666666666665
;;;44.364666666666665
;;;44.373333333333335
;;;44.373333333333335
;;;44.382
;;;44.382
;;;44.39066666666667
;;;44.39066666666667
;;;44.39933333333333
;;;44.39933333333333
;;;44.408
;;;44.408
;;;44.416666666666664
;;;44.416666666666664
;;;44.425333333333334
;;;44.425333333333334
;;;44.434
;;;44.434
;;;44.44266666666667
;;;44.44266666666667
;;;44.45133333333333
;;;44.45133333333333
;;;44.46
;;;44.46
;;;44.468666666666664
;;;44.468666666666664
;;;44.477333333333334
1;70.989;25.772;44.477333333333334
;;;44.486
;;;44.486
;;;44.49466666666667
;;;44.49466666666667
0;71.223;24.416;44.50333333333333
;;;44.50333333333333
0;71.172;25.06;44.512
;;;44.512
;;;44.52066666666666
0;71.236;25.497;44.52066666666666
0;70.893;25.631;44.529333333333334
;;;44.529333333333334
0;70.179;25.747;44.538
;;;44.538
1;72.617;24.764;44.54666666666667
;;;44.54666666666667
;;;44.55533333333333
1;72.166;25.184;44.55533333333333
1;71.764;25.556;44.564
;;;44.564
;;;44.57266666666667
1;71.664;25.771;44.57266666666667
1;71.81;25.762;44.58133333333333
;;;44.58133333333333
1;71.899;25.72;44.59
;;;44.59
1;71.807;25.695;44.59866666666667
;;;44.59866666666667
1;71.661;25.512;44.60733333333334
;;;44.60733333333334
;;;44.616
1;71.618;25.112;44.616
1;71.498;24.694;44.62466666666667
;;;44.62466666666667
;;;44.63333333333333
1;71.055;24.471;44.63333333333333
1;70.341;24.461;44.642
;;;44.642
;;;44.650666666666666
1;69.55;24.518;44.650666666666666
;;;44.659333333333336
;;;44.659333333333336
;;;44.668
;;;44.668
;;;44.67666666666667
;;;44.67666666666667
;;;44.68533333333333
;;;44.68533333333333
;;;44.694
;;;44.694
1;69.041;45.603;44.702666666666666
;;;44.702666666666666
1;68.224;45.629;44.711333333333336
;;;44.711333333333336
1;67.297;45.711;44.72
;;;44.72
1;66.07;45.814;44.72866666666667
;;;44.72866666666667
;;;44.73733333333333
1;64.7;45.818;44.73733333333333
;;;44.746
;;;44.746
;;;44.754666666666665
;;;44.754666666666665
;;;44.763333333333335
;;;44.763333333333335
1;55.557;43.588;44.772
;;;44.772
1;54.63;45.35;44.78066666666667
;;;44.78066666666667
1;53.524;46.924;44.78933333333333
;;;44.78933333333333
1;52.174;48.449;44.798
;;;44.798
1;51.211;49.838;44.806666666666665
;;;44.806666666666665
1;51.044;50.518;44.815333333333335
;;;44.815333333333335
;;;44.824
1;51.291;50.437;44.824
;;;44.83266666666667
;;;44.83266666666667
;;;44.84133333333333
;;;44.84133333333333
;;;44.85
;;;44.85
;;;44.858666666666664
;;;44.858666666666664
;;;44.867333333333335
;;;44.867333333333335
;;;44.876
;;;44.876
;;;44.88466666666667
;;;44.88466666666667
1;54.673;21.736;44.89333333333333
;;;44.89333333333333
;;;44.902
1;51.99;20.095;44.902
;;;44.910666666666664
1;49.341;18.339;44.910666666666664
;;;44.919333333333334
;;;44.919333333333334
;;;44.928
;;;44.928
;;;44.93666666666667
;;;44.93666666666667
;;;44.94533333333333
;;;44.94533333333333
;;;44.954
;;;44.954
;;;44.962666666666664
1;25.523;3.283;44.962666666666664
;;;44.971333333333334
;;;44.971333333333334
;;;44.98
;;;44.98
;;;44.98866666666667
;;;44.98866666666667
;;;44.99733333333333
;;;44.99733333333333
;;;45.006
;;;45.006
;;;45.01466666666666
;;;45.01466666666666
;;;45.02333333333333
;;;45.02333333333333
;;;45.032
;;;45.032
;;;45.04066666666667
;;;45.04066666666667
;;;45.04933333333334
;;;45.04933333333334
;;;45.058
;;;45.058
;;;45.06666666666667
;;;45.06666666666667
;;;45.07533333333333
;;;45.07533333333333
;;;45.084
;;;45.092666666666666
;;;45.101333333333336
;;;45.11
;;;45.11866666666667
;;;45.12733333333333
;;;45.136
;;;45.144666666666666
;;;45.153333333333336
;;;45.162
;;;45.17066666666667
;;;45.17933333333333
;;;45.188
;;;45.196666666666665
;;;45.205333333333336
;;;45.214
;;;45.22266666666667
;;;45.23133333333333
;;;45.24
;;;45.248666666666665
;;;45.257333333333335
;;;45.266
;;;45.27466666666667
;;;45.28333333333333
;;;45.292
;;;45.300666666666665
;;;45.309333333333335
;;;45.318
;;;45.32666666666667
;;;45.33533333333333
;;;45.344
;;;45.352666666666664
;;;45.361333333333334
;;;45.37
;;;45.37866666666667
;;;45.38733333333333
;;;45.396
;;;45.404666666666664
;;;45.413333333333334
;;;45.422
;;;45.43066666666667
;;;45.43933333333333
;;;45.448
;;;45.45666666666666
;;;45.465333333333334
;;;45.474
;;;45.48266666666667
;;;45.49133333333333
;;;45.5
;;;45.50866666666667
;;;45.51733333333333
;;;45.526
;;;45.534666666666666
;;;45.54333333333334
;;;45.552
;;;45.56066666666667
;;;45.56933333333333
;;;45.578
;;;45.586666666666666
;;;45.595333333333336
;;;45.604
;;;45.61266666666667
;;;45.62133333333333
;;;45.63
;;;45.638666666666666
;;;45.647333333333336
;;;45.656
;;;45.66466666666667
;;;45.67333333333333
;;;45.682
;;;45.690666666666665
;;;45.699333333333335
;;;45.708
;;;45.71666666666667
;;;45.72533333333333
;;;45.734
;;;45.742666666666665
;;;45.751333333333335
;;;45.76
;;;45.76866666666667
;;;45.77733333333333
;;;45.786
;;;45.794666666666664
;;;45.803333333333335
;;;45.812
;;;45.82066666666667
;;;45.82933333333333
;;;45.838
;;;45.846666666666664
;;;45.855333333333334
;;;45.864
;;;45.87266666666667
;;;45.88133333333333
;;;45.89
;;;45.898666666666664
;;;45.907333333333334
;;;45.916
;;;45.92466666666667
;;;45.93333333333333
;;;45.942
;;;45.95066666666666
;;;45.95933333333333
;;;45.968
;;;45.97666666666667
;;;45.98533333333334
;;;45.994
;;;46.00266666666667
;;;46.01133333333333
;;;46.02
;;;46.028666666666666
;;;46.037333333333336
;;;46.046
;;;46.05466666666667
;;;46.06333333333333
;;;46.072
;;;46.080666666666666
;;;46.089333333333336
;;;46.098
;;;46.10666666666667
;;;46.11533333333333
;;;46.124
;;;46.132666666666665
;;;46.141333333333336
;;;46.15
;;;46.15866666666667
;;;46.16733333333333
;;;46.176
;;;46.184666666666665
;;;46.193333333333335
;;;46.202
;;;46.21066666666667
;;;46.21933333333333
;;;46.228
;;;46.236666666666665
;;;46.245333333333335
;;;46.254
;;;46.26266666666667
;;;46.27133333333333
;;;46.28
;;;46.288666666666664
;;;46.297333333333334
;;;46.306
;;;46.31466666666667
;;;46.32333333333333
;;;46.332
;;;46.340666666666664
;;;46.349333333333334
;;;46.358
;;;46.36666666666667
;;;46.37533333333333
;;;46.384
;;;46.39266666666666
;;;46.40133333333333
;;;46.41
;;;46.41866666666667
;;;46.42733333333333
;;;46.436
;;;46.44466666666667
;;;46.45333333333333
;;;46.462
;;;46.470666666666666
;;;46.47933333333334
;;;46.488
;;;46.49666666666667
;;;46.50533333333333
;;;46.514
;;;46.522666666666666
;;;46.531333333333336
;;;46.54
;;;46.54866666666667
;;;46.55733333333333
;;;46.566
;;;46.574666666666666
;;;46.583333333333336
;;;46.592
;;;46.60066666666667
;;;46.60933333333333
;;;46.618
;;;46.626666666666665
;;;46.635333333333335
;;;46.644
;;;46.65266666666667
;;;46.66133333333333
;;;46.67
;;;46.678666666666665
;;;46.687333333333335
;;;46.696
;;;46.70466666666667
;;;46.71333333333333
;;;46.722
;;;46.730666666666664
;;;46.739333333333335
;;;46.748
;;;46.75666666666667
;;;46.76533333333333
;;;46.774
;;;46.782666666666664
;;;46.791333333333334
;;;46.8
;;;46.80866666666667
;;;46.81733333333333
;;;46.826
;;;46.834666666666664
;;;46.843333333333334
;;;46.852
;;;46.86066666666667
;;;46.86933333333333
;;;46.878
;;;46.88666666666666
;;;46.89533333333333
;;;46.904
;;;46.91266666666667
;;;46.92133333333334
;;;46.93
;;;46.93866666666667
;;;46.94733333333333
;;;46.956
;;;46.964666666666666
;;;46.973333333333336
;;;46.982
;;;46.99066666666667
;;;46.99933333333333
;;;47.008
;;;47.016666666666666
;;;47.025333333333336
;;;47.034
;;;47.04266666666667
;;;47.05133333333333
;;;47.06
;;;47.068666666666665
;;;47.077333333333335
;;;47.086
;;;47.09466666666667
;;;47.10333333333333
;;;47.112
;;;47.120666666666665
;;;47.129333333333335
;;;47.138
;;;47.14666666666667
;;;47.15533333333333
;;;47.164
;;;47.172666666666665
;;;47.181333333333335
;;;47.19
;;;47.19866666666667
;;;47.20733333333333
;;;47.216
;;;47.224666666666664
;;;47.233333333333334
;;;47.242
;;;47.25066666666667
;;;47.25933333333333
;;;47.268
;;;47.276666666666664
;;;47.285333333333334
;;;47.294
;;;47.30266666666667
;;;47.31133333333333
;;;47.32
;;;47.32866666666666
;;;47.33733333333333
;;;47.346
;;;47.35466666666667
;;;47.36333333333334
;;;47.372
;;;47.38066666666667
;;;47.38933333333333
;;;47.398
;;;47.406666666666666
;;;47.415333333333336
;;;47.424
;;;47.43266666666667
;;;47.44133333333333
;;;47.45
;;;47.458666666666666
;;;47.467333333333336
;;;47.476
;;;47.48466666666667
;;;47.49333333333333
;;;47.502
;;;47.510666666666665
;;;47.519333333333336
;;;47.528
;;;47.53666666666667
;;;47.54533333333333
;;;47.554
;;;47.562666666666665
;;;47.571333333333335
;;;47.58
;;;47.58866666666667
;;;47.59733333333333
;;;47.606
;;;47.614666666666665
;;;47.623333333333335
;;;47.632
;;;47.64066666666667
;;;47.64933333333333
;;;47.658
;;;47.666666666666664
;;;47.675333333333334
;;;47.684
;;;47.69266666666667
;;;47.70133333333333
;;;47.71
;;;47.718666666666664
;;;47.727333333333334
;;;47.736
;;;47.74466666666667
;;;47.75333333333333
;;;47.762
;;;47.77066666666666
;;;47.779333333333334
;;;47.788
;;;47.79666666666667
;;;47.80533333333333
;;;47.814
;;;47.82266666666667
;;;47.83133333333333
;;;47.84
;;;47.84866666666667
;;;47.85733333333334
;;;47.866
;;;47.87466666666667
;;;47.88333333333333
;;;47.892
;;;47.900666666666666
;;;47.909333333333336
;;;47.918
;;;47.92666666666667
;;;47.93533333333333
;;;47.944
;;;47.952666666666666
;;;47.961333333333336
;;;47.97
;;;47.97866666666667
;;;47.98733333333333
;;;47.996
;;;48.004666666666665
;;;48.013333333333335
;;;48.022
;;;48.03066666666667
;;;48.03933333333333
;;;48.048
;;;48.056666666666665
;;;48.065333333333335
;;;48.074
;;;48.08266666666667
;;;48.09133333333333
;;;48.1
;;;48.108666666666664
;;;48.117333333333335
;;;48.126
;;;48.13466666666667
;;;48.14333333333333
;;;48.152
;;;48.160666666666664
;;;48.169333333333334
;;;48.178
;;;48.18666666666667
;;;48.19533333333333
;;;48.204
;;;48.212666666666664
;;;48.221333333333334
;;;48.23
;;;48.23866666666667
;;;48.24733333333333
;;;48.256
;;;48.26466666666666
;;;48.27333333333333
;;;48.282
;;;48.29066666666667
;;;48.29933333333334
;;;48.308
;;;48.31666666666667
;;;48.32533333333333
;;;48.334
;;;48.342666666666666
;;;48.351333333333336
;;;48.36
;;;48.36866666666667
;;;48.37733333333333
;;;48.386
;;;48.394666666666666
;;;48.403333333333336
;;;48.412
;;;48.42066666666667
;;;48.42933333333333
;;;48.438
;;;48.446666666666665
;;;48.455333333333336
;;;48.464
;;;48.47266666666667
;;;48.48133333333333
;;;48.49
;;;48.498666666666665
;;;48.507333333333335
;;;48.516
;;;48.52466666666667
;;;48.53333333333333
;;;48.542
;;;48.550666666666665
;;;48.559333333333335
;;;48.568
;;;48.57666666666667
;;;48.58533333333333
;;;48.594
;;;48.602666666666664
;;;48.611333333333334
;;;48.62
;;;48.62866666666667
;;;48.63733333333333
;;;48.646
;;;48.654666666666664
;;;48.663333333333334
;;;48.672
;;;48.68066666666667
;;;48.68933333333333
;;;48.698
;;;48.70666666666666
;;;48.715333333333334
;;;48.724
;;;48.73266666666667
;;;48.74133333333333
;;;48.75
;;;48.75866666666667
;;;48.76733333333333
;;;48.776
;;;48.784666666666666
;;;48.79333333333334
;;;48.802
;;;48.81066666666667
;;;48.81933333333333
;;;48.828
;;;48.836666666666666
;;;48.845333333333336
;;;48.854
;;;48.86266666666667
;;;48.87133333333333
;;;48.88
;;;48.888666666666666
;;;48.897333333333336
;;;48.906
;;;48.91466666666667
;;;48.92333333333333
;;;48.932
;;;48.940666666666665
;;;48.949333333333335
;;;48.958
;;;48.96666666666667
;;;48.97533333333333
;;;48.984
;;;48.992666666666665
;;;49.001333333333335
;;;49.01
;;;49.01866666666667
;;;49.02733333333333
;;;49.036
;;;49.044666666666664
;;;49.053333333333335
;;;49.062
;;;49.07066666666667
;;;49.07933333333333
;;;49.088
;;;49.096666666666664
;;;49.105333333333334
;;;49.114
;;;49.12266666666667
;;;49.13133333333333
;;;49.14
;;;49.148666666666664
;;;49.157333333333334
;;;49.166
;;;49.17466666666667
;;;49.18333333333333
;;;49.192
;;;49.20066666666666
;;;49.20933333333333
;;;49.218
;;;49.22666666666667
;;;49.23533333333334
;;;49.244
;;;49.25266666666667
;;;49.26133333333333
;;;49.27
;;;49.278666666666666
;;;49.287333333333336
;;;49.296
;;;49.30466666666667
;;;49.31333333333333
;;;49.322
;;;49.330666666666666
;;;49.339333333333336
;;;49.348
;;;49.35666666666667
;;;49.36533333333333
;;;49.374
;;;49.382666666666665
;;;49.391333333333336
;;;49.4
;;;49.40866666666667
;;;49.41733333333333
;;;49.426
;;;49.434666666666665
;;;49.443333333333335
;;;49.452
;;;49.46066666666667
;;;49.46933333333333
;;;49.478
;;;49.486666666666665
;;;49.495333333333335
;;;49.504
;;;49.51266666666667
;;;49.52133333333333
;;;49.53
;;;49.538666666666664
;;;49.547333333333334
;;;49.556
;;;49.56466666666667
;;;49.57333333333333
;;;49.582
;;;49.590666666666664
;;;49.599333333333334
;;;49.608
;;;49.61666666666667
;;;49.62533333333333
;;;49.634
;;;49.64266666666666
;;;49.65133333333333
;;;49.66
;;;49.66866666666667
;;;49.67733333333333
;;;49.686
;;;49.69466666666667
;;;49.70333333333333
;;;49.712
;;;49.720666666666666
;;;49.72933333333334
;;;49.738
;;;49.74666666666667
;;;49.75533333333333
;;;49.764
;;;49.772666666666666
;;;49.781333333333336
;;;49.79
;;;49.79866666666667
;;;49.80733333333333
;;;49.816
;;;49.824666666666666
;;;49.833333333333336
;;;49.842
;;;49.85066666666667
;;;49.85933333333333
;;;49.868
;;;49.876666666666665
;;;49.885333333333335
;;;49.894
;;;49.90266666666667
;;;49.91133333333333
;;;49.92
;;;49.928666666666665
;;;49.937333333333335
;;;49.946
;;;49.95466666666667
;;;49.96333333333333
;;;49.972
;;;49.980666666666664
;;;49.989333333333335
;;;49.998
;;;50.00666666666667
;;;50.01533333333333
;;;50.024
;;;50.032666666666664
;;;50.041333333333334
;;;50.05
;;;50.05866666666667
;;;50.06733333333333
;;;50.076
;;;50.084666666666664
;;;50.093333333333334
;;;50.102
;;;50.11066666666667
;;;50.11933333333333
;;;50.128
;;;50.13666666666666
;;;50.14533333333333
;;;50.154
;;;50.16266666666667
;;;50.17133333333334
;;;50.18
;;;50.18866666666667
;;;50.19733333333333
;;;50.206
;;;50.214666666666666
;;;50.223333333333336
;;;50.232
;;;50.24066666666667
;;;50.24933333333333
;;;50.258
;;;50.266666666666666
;;;50.275333333333336
;;;50.284
;;;50.29266666666667
;;;50.30133333333333
;;;50.31
;;;50.318666666666665
;;;50.327333333333335
;;;50.336
;;;50.34466666666667
;;;50.35333333333333
;;;50.362
;;;50.370666666666665
;;;50.379333333333335
;;;50.388
;;;50.39666666666667
;;;50.40533333333333
;;;50.414
;;;50.422666666666665
;;;50.431333333333335
;;;50.44
;;;50.44866666666667
;;;50.45733333333333
;;;50.466
;;;50.474666666666664
;;;50.483333333333334
;;;50.492
;;;50.50066666666667
;;;50.50933333333333
;;;50.518
;;;50.526666666666664
;;;50.535333333333334
;;;50.544
;;;50.55266666666667
;;;50.56133333333333
;;;50.57
;;;50.57866666666666
;;;50.58733333333333
;;;50.596
;;;50.60466666666667
;;;50.61333333333334
;;;50.622
;;;50.63066666666667
;;;50.63933333333333
;;;50.648
;;;50.656666666666666
;;;50.665333333333336
;;;50.674
;;;50.68266666666667
;;;50.69133333333333
;;;50.7
;;;50.708666666666666
;;;50.717333333333336
;;;50.726
;;;50.73466666666667
;;;50.74333333333333
;;;50.752
;;;50.760666666666665
;;;50.769333333333336
;;;50.778
;;;50.78666666666667
;;;50.79533333333333
;;;50.804
;;;50.812666666666665
;;;50.821333333333335
;;;50.83
;;;50.83866666666667
;;;50.84733333333333
;;;50.856
;;;50.864666666666665
;;;50.873333333333335
;;;50.882
;;;50.89066666666667
;;;50.89933333333333
;;;50.908
;;;50.916666666666664
;;;50.925333333333334
;;;50.934
;;;50.94266666666667
;;;50.95133333333333
;;;50.96
;;;50.968666666666664
;;;50.977333333333334
;;;50.986
;;;50.99466666666667
;;;51.00333333333333
;;;51.012
;;;51.02066666666666
;;;51.029333333333334
;;;51.038
;;;51.04666666666667
;;;51.05533333333333
;;;51.064
;;;51.07266666666667
;;;51.08133333333333
;;;51.09
;;;51.09866666666667
;;;51.10733333333334
;;;51.116
;;;51.12466666666667
;;;51.13333333333333
;;;51.142
;;;51.150666666666666
;;;51.159333333333336
;;;51.168
;;;51.17666666666667
;;;51.18533333333333
;;;51.194
;;;51.202666666666666
;;;51.211333333333336
;;;51.22
;;;51.22866666666667
;;;51.23733333333333
;;;51.246
;;;51.254666666666665
;;;51.263333333333335
;;;51.272
;;;51.28066666666667
;;;51.28933333333333
;;;51.298
;;;51.306666666666665
;;;51.315333333333335
;;;51.324
;;;51.33266666666667
;;;51.34133333333333
;;;51.35
;;;51.358666666666664
;;;51.367333333333335
;;;51.376
;;;51.38466666666667
;;;51.39333333333333
;;;51.402
;;;51.410666666666664
;;;51.419333333333334
;;;51.428
;;;51.43666666666667
;;;51.44533333333333
;;;51.454
;;;51.462666666666664
;;;51.471333333333334
;;;51.48
;;;51.48866666666667
;;;51.49733333333333
;;;51.506
;;;51.51466666666666
;;;51.52333333333333
;;;51.532
;;;51.54066666666667
;;;51.54933333333334
;;;51.558
;;;51.56666666666667
;;;51.57533333333333
;;;51.584
;;;51.592666666666666
;;;51.601333333333336
;;;51.61
;;;51.61866666666667
;;;51.62733333333333
;;;51.636
;;;51.644666666666666
;;;51.653333333333336
;;;51.662
;;;51.67066666666667
;;;51.67933333333333
;;;51.688
;;;51.696666666666665
;;;51.705333333333336
;;;51.714
;;;51.72266666666667
;;;51.73133333333333
;;;51.74
;;;51.748666666666665
;;;51.757333333333335
;;;51.766
;;;51.77466666666667
;;;51.78333333333333
;;;51.792
;;;51.800666666666665
;;;51.809333333333335
;;;51.818
;;;51.82666666666667
;;;51.83533333333333
;;;51.844
;;;51.852666666666664
;;;51.861333333333334
;;;51.87
;;;51.87866666666667
;;;51.88733333333333
;;;51.896
;;;51.904666666666664
;;;51.913333333333334
;;;51.922
;;;51.93066666666667
;;;51.93933333333333
;;;51.948
;;;51.95666666666666
;;;51.965333333333334
;;;51.974
;;;51.98266666666667
;;;51.99133333333333
;;;52.0
;;;52.00866666666667
;;;52.01733333333333
;;;52.026
;;;52.034666666666666
;;;52.04333333333334
;;;52.052
;;;52.06066666666667
;;;52.06933333333333
;;;52.078
;;;52.086666666666666
;;;52.095333333333336
;;;52.104
;;;52.11266666666667
;;;52.12133333333333
;;;52.13
;;;52.138666666666666
;;;52.147333333333336
;;;52.156
;;;52.16466666666667
;;;52.17333333333333
;;;52.182
;;;52.190666666666665
;;;52.199333333333335
;;;52.208
;;;52.21666666666667
;;;52.22533333333333
;;;52.234
;;;52.242666666666665
;;;52.251333333333335
;;;52.26
;;;52.26866666666667
;;;52.27733333333333
;;;52.286
;;;52.294666666666664
;;;52.303333333333335
;;;52.312
;;;52.32066666666667
;;;52.32933333333333
;;;52.338
;;;52.346666666666664
;;;52.355333333333334
;;;52.364
;;;52.37266666666667
;;;52.38133333333333
;;;52.39
;;;52.398666666666664
;;;52.407333333333334
;;;52.416
;;;52.42466666666667
;;;52.43333333333333
;;;52.442
;;;52.45066666666666
;;;52.45933333333333
;;;52.468
;;;52.47666666666667
;;;52.48533333333334
;;;52.494
;;;52.50266666666667
;;;52.51133333333333
;;;52.52
;;;52.528666666666666
;;;52.537333333333336
;;;52.546
;;;52.55466666666667
;;;52.56333333333333
;;;52.572
;;;52.580666666666666
;;;52.589333333333336
;;;52.598
;;;52.60666666666667
;;;52.61533333333333
;;;52.624
;;;52.632666666666665
;;;52.641333333333336
;;;52.65
;;;52.65866666666667
;;;52.66733333333333
;;;52.676
;;;52.684666666666665
;;;52.693333333333335
;;;52.702
;;;52.71066666666667
;;;52.71933333333333
;;;52.728
;;;52.736666666666665
;;;52.745333333333335
;;;52.754
;;;52.76266666666667
;;;52.77133333333333
;;;52.78
;;;52.788666666666664
;;;52.797333333333334
;;;52.806
;;;52.81466666666667
;;;52.82333333333333
;;;52.832
;;;52.840666666666664
;;;52.849333333333334
;;;52.858
;;;52.86666666666667
;;;52.87533333333333
;;;52.884
;;;52.89266666666666
;;;52.90133333333333
;;;52.91
;;;52.91866666666667
;;;52.92733333333333
;;;52.936
;;;52.94466666666667
;;;52.95333333333333
;;;52.962
;;;52.970666666666666
;;;52.97933333333334
;;;52.988
;;;52.99666666666667
;;;53.00533333333333
;;;53.014
;;;53.022666666666666
;;;53.031333333333336
;;;53.04
;;;53.04866666666667
;;;53.05733333333333
;;;53.066
;;;53.074666666666666
;;;53.083333333333336
;;;53.092
;;;53.10066666666667
;;;53.10933333333333
;;;53.118
;;;53.126666666666665
;;;53.135333333333335
;;;53.144
;;;53.15266666666667
;;;53.16133333333333
;;;53.17
;;;53.178666666666665
;;;53.187333333333335
;;;53.196
;;;53.20466666666667
;;;53.21333333333333
;;;53.222
;;;53.230666666666664
;;;53.239333333333335
;;;53.248
;;;53.25666666666667
;;;53.26533333333333
;;;53.274
;;;53.282666666666664
;;;53.291333333333334
;;;53.3
;;;53.30866666666667
;;;53.31733333333333
;;;53.326
;;;53.334666666666664
;;;53.343333333333334
;;;53.352
;;;53.36066666666667
;;;53.36933333333333
;;;53.378
;;;53.38666666666666
;;;53.39533333333333
;;;53.404
;;;53.41266666666667
;;;53.42133333333334
;;;53.43
;;;53.43866666666667
;;;53.44733333333333
;;;53.456
;;;53.464666666666666
;;;53.473333333333336
;;;53.482
;;;53.49066666666667
;;;53.49933333333333
;;;53.508
;;;53.516666666666666
;;;53.525333333333336
;;;53.534
;;;53.54266666666667
;;;53.55133333333333
;;;53.56
;;;53.568666666666665
;;;53.577333333333335
;;;53.586
;;;53.59466666666667
;;;53.60333333333333
;;;53.612
;;;53.620666666666665
;;;53.629333333333335
;;;53.638
;;;53.64666666666667
;;;53.65533333333333
;;;53.664
;;;53.672666666666665
;;;53.681333333333335
;;;53.69
;;;53.69866666666667
;;;53.70733333333333
;;;53.716
;;;53.724666666666664
;;;53.733333333333334
;;;53.742
;;;53.75066666666667
;;;53.75933333333333
;;;53.768
;;;53.776666666666664
;;;53.785333333333334
;;;53.794
;;;53.80266666666667
;;;53.81133333333333
;;;53.82
;;;53.82866666666666
;;;53.83733333333333
;;;53.846
;;;53.85466666666667
;;;53.86333333333334
;;;53.872
;;;53.88066666666667
;;;53.88933333333333
;;;53.898
;;;53.906666666666666
;;;53.915333333333336
;;;53.924
;;;53.93266666666667
;;;53.94133333333333
;;;53.95
;;;53.958666666666666
;;;53.967333333333336
;;;53.976
;;;53.98466666666667
;;;53.99333333333333
;;;54.002
;;;54.010666666666665
;;;54.019333333333336
;;;54.028
;;;54.03666666666667
;;;54.04533333333333
;;;54.054
;;;54.062666666666665
;;;54.071333333333335
;;;54.08
;;;54.08866666666667
;;;54.09733333333333
;;;54.106
;;;54.114666666666665
;;;54.123333333333335
;;;54.132
;;;54.14066666666667
;;;54.14933333333333
;;;54.158
;;;54.166666666666664
;;;54.175333333333334
;;;54.184
;;;54.19266666666667
;;;54.20133333333333
;;;54.21
;;;54.218666666666664
;;;54.227333333333334
;;;54.236
;;;54.24466666666667
;;;54.25333333333333
;;;54.262
;;;54.27066666666666
;;;54.279333333333334
;;;54.288
;;;54.29666666666667
;;;54.30533333333333
;;;54.314
;;;54.32266666666667
;;;54.33133333333333
;;;54.34
;;;54.34866666666667
;;;54.35733333333334
;;;54.366
;;;54.37466666666667
;;;54.38333333333333
;;;54.392
;;;54.400666666666666
;;;54.409333333333336
;;;54.418
;;;54.42666666666667
;;;54.43533333333333
;;;54.444
;;;54.452666666666666
;;;54.461333333333336
;;;54.47
;;;54.47866666666667
;;;54.48733333333333
;;;54.496
;;;54.504666666666665
;;;54.513333333333335
;;;54.522
;;;54.53066666666667
;;;54.53933333333333
;;;54.548
;;;54.556666666666665
;;;54.565333333333335
;;;54.574
;;;54.58266666666667
;;;54.59133333333333
;;;54.6
;;;54.608666666666664
;;;54.617333333333335
;;;54.626
;;;54.63466666666667
;;;54.64333333333333
;;;54.652
;;;54.660666666666664
;;;54.669333333333334
;;;54.678
;;;54.68666666666667
;;;54.69533333333333
;;;54.704
;;;54.712666666666664
;;;54.721333333333334
;;;54.73
;;;54.73866666666667
;;;54.74733333333333
;;;54.756
;;;54.76466666666666
;;;54.77333333333333
;;;54.782
;;;54.79066666666667
;;;54.79933333333334
;;;54.808
;;;54.81666666666667
;;;54.82533333333333
;;;54.834
;;;54.842666666666666
;;;54.851333333333336
;;;54.86
;;;54.86866666666667
;;;54.87733333333333
;;;54.886
;;;54.894666666666666
;;;54.903333333333336
;;;54.912
;;;54.92066666666667
;;;54.92933333333333
;;;54.938
;;;54.946666666666665
;;;54.955333333333336
;;;54.964
;;;54.97266666666667
;;;54.98133333333333
;;;54.99
;;;54.998666666666665
;;;55.007333333333335
;;;55.016
;;;55.02466666666667
;;;55.03333333333333
;;;55.042
;;;55.050666666666665
;;;55.059333333333335
;;;55.068
;;;55.07666666666667
;;;55.08533333333333
;;;55.094
;;;55.102666666666664
;;;55.111333333333334
;;;55.12
;;;55.12866666666667
;;;55.13733333333333
;;;55.146
;;;55.154666666666664
;;;55.163333333333334
;;;55.172
;;;55.18066666666667
;;;55.18933333333333
;;;55.198
;;;55.20666666666666
;;;55.215333333333334
;;;55.224
;;;55.23266666666667
;;;55.24133333333333
;;;55.25
;;;55.25866666666667
;;;55.26733333333333
;;;55.276
;;;55.284666666666666
;;;55.29333333333334
;;;55.302
;;;55.31066666666667
;;;55.31933333333333
;;;55.328
;;;55.336666666666666
;;;55.345333333333336
;;;55.354
;;;55.36266666666667
;;;55.37133333333333
;;;55.38
;;;55.388666666666666
;;;55.397333333333336
;;;55.406
;;;55.41466666666667
;;;55.42333333333333
;;;55.432
;;;55.440666666666665
;;;55.449333333333335
;;;55.458
;;;55.46666666666667
;;;55.47533333333333
;;;55.484
;;;55.492666666666665
;;;55.501333333333335
;;;55.51
;;;55.51866666666667
;;;55.52733333333333
;;;55.536
;;;55.544666666666664
;;;55.553333333333335
;;;55.562
;;;55.57066666666667
;;;55.57933333333333
;;;55.588
;;;55.596666666666664
;;;55.605333333333334
;;;55.614
;;;55.62266666666667
;;;55.63133333333333
0;1.255;0.709;55.64
0;1.081;0.926;55.648666666666664
0;1.098;1.184;55.657333333333334
0;1.142;1.173;55.666
0;1.075;1.051;55.67466666666667
0;1.007;1.11;55.68333333333333
0;1.005;1.251;55.692
0;0.991;1.297;55.70066666666666
0;0.963;1.286;55.70933333333333
0;0.971;1.272;55.718
0;0.978;1.274;55.72666666666667
0;0.957;1.286;55.73533333333334
0;0.945;1.292;55.744
0;0.947;1.291;55.75266666666667
0;0.952;1.289;55.76133333333333
0;0.956;1.287;55.77
0;0.945;1.291;55.778666666666666
0;0.897;1.313;55.787333333333336
0;0.851;1.336;55.796
0;0.928;1.288;55.80466666666667
0;1.259;1.105;55.81333333333333
0;1.783;0.846;55.822
0;2.335;0.613;55.830666666666666
;;;55.839333333333336
;;;55.848
;;;55.85666666666667
;;;55.86533333333333
;;;55.874
;;;55.882666666666665
;;;55.891333333333336
;;;55.9
;;;55.90866666666667
;;;55.91733333333333
;;;55.926
;;;55.934666666666665
;;;55.943333333333335
;;;55.952
;;;55.96066666666667
;;;55.96933333333333
;;;55.978
;;;55.986666666666665
;;;55.995333333333335
;;;56.004
;;;56.01266666666667
;;;56.02133333333333
0;2.077;0.596;56.03
0;1.94;0.655;56.038666666666664
0;1.881;0.841;56.047333333333334
0;1.864;0.935;56.056
0;1.83;0.83;56.06466666666667
0;1.753;0.575;56.07333333333333
0;1.718;0.416;56.082
0;1.773;0.44;56.090666666666664
0;1.821;0.491;56.099333333333334
0;1.798;0.462;56.108
0;1.769;0.42;56.11666666666667
0;1.765;0.413;56.12533333333333
0;1.77;0.42;56.134
0;1.771;0.423;56.14266666666666
0;1.769;0.416;56.15133333333333
0;1.769;0.407;56.16
0;1.777;0.44;56.16866666666667
0;1.788;0.542;56.17733333333333
0;1.774;0.614;56.186
0;1.767;0.644;56.19466666666667
0;1.812;0.803;56.20333333333333
0;1.819;0.85;56.212
0;1.799;0.592;56.220666666666666
0;1.86;0.358;56.22933333333334
0;2.013;0.408;56.238
0;2.213;0.632;56.24666666666667
0;2.379;0.752;56.25533333333333
0;2.417;0.708;56.264
0;2.39;0.644;56.272666666666666
0;2.454;0.675;56.281333333333336
;;;56.29
;;;56.29866666666667
;;;56.30733333333333
;;;56.316
;;;56.324666666666666
;;;56.333333333333336
;;;56.342
;;;56.35066666666667
;;;56.35933333333333
;;;56.368
;;;56.376666666666665
;;;56.385333333333335
;;;56.394
;;;56.40266666666667
;;;56.41133333333333
0;2.429;1.031;56.42
0;2.417;1.062;56.428666666666665
0;2.441;1.084;56.437333333333335
0;2.48;1.075;56.446
0;2.516;1.109;56.45466666666667
0;2.497;1.142;56.46333333333333
0;2.396;1.053;56.472
0;2.266;0.85;56.480666666666664
0;2.199;0.728;56.489333333333335
0;2.193;0.721;56.498
0;2.221;0.739;56.50666666666667
0;2.316;0.744;56.51533333333333
0;2.471;0.704;56.524
;;;56.532666666666664
;;;56.541333333333334
;;;56.55
;;;56.55866666666667
;;;56.56733333333333
;;;56.576
;;;56.584666666666664
;;;56.593333333333334
;;;56.602
;;;56.61066666666667
;;;56.61933333333333
;;;56.628
;;;56.63666666666666
;;;56.64533333333333
;;;56.654
;;;56.66266666666667
;;;56.67133333333334
;;;56.68
;;;56.68866666666667
;;;56.69733333333333
;;;56.706
;;;56.714666666666666
;;;56.723333333333336
;;;56.732
;;;56.74066666666667
;;;56.74933333333333
;;;56.758
;;;56.766666666666666
;;;56.775333333333336
;;;56.784
;;;56.79266666666667
;;;56.80133333333333
;;;56.81
;;;56.818666666666665
;;;56.827333333333335
;;;56.836
;;;56.84466666666667
;;;56.85333333333333
;;;56.862
;;;56.870666666666665
;;;56.879333333333335
;;;56.888
;;;56.89666666666667
;;;56.90533333333333
;;;56.914
;;;56.922666666666665
;;;56.931333333333335
;;;56.94
;;;56.94866666666667
;;;56.95733333333333
;;;56.966
;;;56.974666666666664
;;;56.983333333333334
;;;56.992
0;1.767;0.682;57.00066666666667
0;1.708;0.881;57.00933333333333
0;1.704;0.981;57.018
0;1.718;0.967;57.026666666666664
0;1.722;0.946;57.035333333333334
0;1.721;0.946;57.044
0;1.72;0.95;57.05266666666667
0;1.72;0.951;57.06133333333333
0;1.72;0.95;57.07
0;1.72;0.95;57.07866666666666
0;1.72;0.95;57.08733333333333
0;1.72;0.95;57.096
0;1.72;0.95;57.10466666666667
0;1.72;0.95;57.11333333333334
0;1.718;0.95;57.122
0;1.721;0.948;57.13066666666667
0;1.73;0.95;57.13933333333333
0;1.721;0.968;57.148
0;1.668;0.992;57.156666666666666
0;1.627;0.999;57.165333333333336
0;1.637;0.991;57.174
0;1.634;0.955;57.18266666666667
0;1.594;0.859;57.19133333333333
0;1.563;0.764;57.2
0;1.582;0.784;57.208666666666666
0;1.635;0.902;57.217333333333336
0;1.669;0.985;57.226
0;1.664;0.989;57.23466666666667
0;1.629;0.991;57.24333333333333
0;1.556;1.036;57.252
0;1.453;1.1;57.260666666666665
0;1.306;1.161;57.269333333333336
0;1.12;1.254;57.278
0;1.004;1.331;57.28666666666667
0;0.953;1.327;57.29533333333333
0;0.901;1.311;57.304
0;0.879;1.314;57.312666666666665
0;0.879;1.32;57.321333333333335
0;0.856;1.331;57.33
0;0.813;1.346;57.33866666666667
0;0.796;1.351;57.34733333333333
0;0.83;1.338;57.356
0;0.877;1.321;57.364666666666665
0;0.891;1.316;57.373333333333335
0;0.883;1.319;57.382
0;0.878;1.321;57.39066666666667
0;0.879;1.32;57.39933333333333
0;0.883;1.319;57.408
0;0.883;1.319;57.416666666666664
0;0.859;1.329;57.425333333333334
0;0.815;1.345;57.434
0;0.796;1.351;57.44266666666667
0;0.821;1.339;57.45133333333333
0;0.863;1.323;57.46
0;0.884;1.318;57.468666666666664
0;0.883;1.32;57.477333333333334
0;0.879;1.321;57.486
0;0.88;1.32;57.49466666666667
0;0.881;1.318;57.50333333333333
0;0.88;1.321;57.512
0;0.872;1.33;57.52066666666666
0;0.872;1.318;57.529333333333334
0;0.899;1.253;57.538
0;0.931;1.197;57.54666666666667
0;0.936;1.238;57.55533333333333
0;0.914;1.234;57.564
0;0.861;1.062;57.57266666666667
0;0.815;0.943;57.58133333333333
0;0.823;1.107;57.59
0;0.87;1.333;57.59866666666667
0;0.899;1.363;57.60733333333334
0;0.907;1.166;57.616
0;1.218;0.76;57.62466666666667
0;2.057;0.315;57.63333333333333
;;;57.642
;;;57.650666666666666
;;;57.659333333333336
;;;57.668
;;;57.67666666666667
;;;57.68533333333333
;;;57.694
;;;57.702666666666666
;;;57.711333333333336
;;;57.72
;;;57.72866666666667
;;;57.73733333333333
;;;57.746
;;;57.754666666666665
;;;57.763333333333335
;;;57.772
;;;57.78066666666667
;;;57.78933333333333
;;;57.798
;;;57.806666666666665
;;;57.815333333333335
;;;57.824
;;;57.83266666666667
;;;57.84133333333333
;;;57.85
;;;57.858666666666664
;;;57.867333333333335
;;;57.876
;;;57.88466666666667
;;;57.89333333333333
;;;57.902
;;;57.910666666666664
;;;57.919333333333334
;;;57.928
;;;57.93666666666667
;;;57.94533333333333
;;;57.954
;;;57.962666666666664
;;;57.971333333333334
;;;57.98
;;;57.98866666666667
;;;57.99733333333333
;;;58.006
;;;58.01466666666666
;;;58.02333333333333
;;;58.032
;;;58.04066666666667
;;;58.04933333333334
;;;58.058
;;;58.06666666666667
;;;58.07533333333333
;;;58.084
0;56.782;34.616;58.092666666666666
;;;58.101333333333336
;;;58.11
;;;58.11866666666667
;;;58.12733333333333
;;;58.136
;;;58.144666666666666
;;;58.153333333333336
;;;58.162
;;;58.17066666666667
;;;58.17933333333333
;;;58.188
;;;58.196666666666665
;;;58.205333333333336
;;;58.214
;;;58.22266666666667
;;;58.23133333333333
;;;58.24
;;;58.248666666666665
;;;58.257333333333335
;;;58.266
;;;58.27466666666667
0;50.355;66.644;58.28333333333333
0;49.171;68.029;58.292
0;48.865;68.612;58.300666666666665
0;48.354;68.824;58.309333333333335
0;47.782;68.706;58.318
0;47.337;68.6;58.32666666666667
0;47.065;68.596;58.33533333333333
0;46.985;68.605;58.344
0;47.043;68.595;58.352666666666664
0;47.103;68.653;58.361333333333334
0;47.084;68.89;58.37
0;47.035;69.114;58.37866666666667
0;47.081;68.97;58.38733333333333
0;47.172;68.662;58.396
0;47.188;68.562;58.404666666666664
0;47.166;68.586;58.413333333333334
0;47.159;68.594;58.422
0;47.165;68.596;58.43066666666667
0;47.171;68.606;58.43933333333333
0;47.184;68.576;58.448
0;47.151;68.501;58.45666666666666
0;46.965;68.51;58.465333333333334
0;46.671;68.602;58.474
0;46.403;68.613;58.48266666666667
0;46.193;68.6;58.49133333333333
0;46.007;68.76;58.5
0;45.758;68.996;58.50866666666667
0;45.327;68.897;58.51733333333333
0;44.842;68.552;58.526
0;44.494;68.403;58.534666666666666
;;;58.54333333333334
;;;58.552
;;;58.56066666666667
;;;58.56933333333333
;;;58.578
;;;58.586666666666666
;;;58.595333333333336
0;40.141;67.953;58.604
0;41.11;68.938;58.61266666666667
0;40.834;69.015;58.62133333333333
0;39.956;68.661;58.63
0;39.259;68.49;58.638666666666666
0;38.92;68.557;58.647333333333336
;;;58.656
;;;58.66466666666667
;;;58.67333333333333
1;22.83;64.641;58.682
1;20.567;64.075;58.690666666666665
1;18.524;64.233;58.699333333333335
1;17.634;65.036;58.708
;;;58.71666666666667
;;;58.72533333333333
;;;58.734
;;;58.742666666666665
;;;58.751333333333335
;;;58.76
;;;58.76866666666667
;;;58.77733333333333
;;;58.786
0;73.376;43.888;58.794666666666664
0;73.572;43.038;58.803333333333335
;;;58.812
;;;58.82066666666667
;;;58.82933333333333
0;69.868;37.148;58.838
0;68.942;36.719;58.846666666666664
0;67.85;37.094;58.855333333333334
0;66.524;37.683;58.864
;;;58.87266666666667
;;;58.88133333333333
;;;58.89
;;;58.898666666666664
;;;58.907333333333334
;;;58.916
;;;58.92466666666667
;;;58.93333333333333
0;24.947;69.012;58.942
0;25.393;68.874;58.95066666666666
0;26.31;68.623;58.95933333333333
0;27.497;68.061;58.968
0;28.618;67.285;58.97666666666667
;;;58.98533333333334
;;;58.994
;;;59.00266666666667
;;;59.01133333333333
;;;59.02
;;;59.028666666666666
;;;59.037333333333336
;;;59.046
;;;59.05466666666667
;;;59.06333333333333
;;;59.072
;;;59.080666666666666
;;;59.089333333333336
;;;59.098
;;;59.10666666666667
;;;59.11533333333333
;;;59.124
;;;59.132666666666665
;;;59.141333333333336
;;;59.15
;;;59.15866666666667
;;;59.16733333333333
;;;59.176
;;;59.184666666666665
;;;59.193333333333335
;;;59.202
;;;59.21066666666667
;;;59.21933333333333
;;;59.228
;;;59.236666666666665
;;;59.245333333333335
;;;59.254
;;;59.26266666666667
0;50.823;69.275;59.27133333333333
0;50.672;69.502;59.28
0;49.7;69.185;59.288666666666664
0;50.997;68.771;59.297333333333334
0;50.556;68.811;59.306
0;49.823;68.568;59.31466666666667
0;49.109;68.057;59.32333333333333
0;48.822;67.623;59.332
;;;59.340666666666664
;;;59.349333333333334
;;;59.358
;;;59.36666666666667
;;;59.37533333333333
;;;59.384
;;;59.39266666666666
;;;59.40133333333333
0;57.448;42.255;59.41
;;;59.41866666666667
;;;59.42733333333333
;;;59.436
;;;59.44466666666667
;;;59.45333333333333
0;48.996;17.593;59.462
0;47.107;17.456;59.470666666666666
;;;59.47933333333334
;;;59.488
;;;59.49666666666667
;;;59.50533333333333
;;;59.514
;;;59.522666666666666
;;;59.531333333333336
;;;59.54
;;;59.54866666666667
;;;59.55733333333333
;;;59.566
;;;59.574666666666666
;;;59.583333333333336
;;;59.592
;;;59.60066666666667
;;;59.60933333333333
;;;59.618
0;2.875;2.294;59.626666666666665
0;1.903;2.188;59.635333333333335
0;1.325;1.903;59.644
0;0.838;1.644;59.65266666666667
;;;59.66133333333333
;;;59.67
;;;59.678666666666665
;;;59.687333333333335
;;;59.696
;;;59.70466666666667
;;;59.71333333333333
;;;59.722
;;;59.730666666666664
;;;59.739333333333335
;;;59.748
;;;59.75666666666667
;;;59.76533333333333
;;;59.774
;;;59.782666666666664
;;;59.791333333333334
;;;59.8
;;;59.80866666666667
;;;59.81733333333333
;;;59.826
;;;59.834666666666664
;;;59.843333333333334
;;;59.852
;;;59.86066666666667
;;;59.86933333333333
;;;59.878
;;;59.88666666666666
;;;59.89533333333333
;;;59.904
;;;59.91266666666667
;;;59.92133333333334
;;;59.93
;;;59.93866666666667
;;;59.94733333333333
;;;59.956
;;;59.964666666666666
;;;59.973333333333336
;;;59.982
;;;59.99066666666667
;;;59.99933333333333
;;;60.008
;;;60.016666666666666
;;;60.025333333333336
;;;60.034
;;;60.04266666666667
;;;60.05133333333333
;;;60.06
;;;60.068666666666665
;;;60.077333333333335
;;;60.086
;;;60.09466666666667
;;;60.10333333333333
;;;60.112
;;;60.120666666666665
;;;60.129333333333335
;;;60.138
;;;60.14666666666667
;;;60.15533333333333
;;;60.164
;;;60.172666666666665
;;;60.181333333333335
;;;60.19
;;;60.19866666666667
;;;60.20733333333333
;;;60.216
;;;60.224666666666664
;;;60.233333333333334
;;;60.242
;;;60.25066666666667
;;;60.25933333333333
;;;60.268
;;;60.276666666666664
;;;60.285333333333334
;;;60.294
;;;60.30266666666667
;;;60.31133333333333
;;;60.32
;;;60.32866666666666
;;;60.33733333333333
;;;60.346
;;;60.35466666666667
;;;60.36333333333334
;;;60.372
;;;60.38066666666667
;;;60.38933333333333
;;;60.398
;;;60.406666666666666
;;;60.415333333333336
;;;60.424
;;;60.43266666666667
;;;60.44133333333333
;;;60.45
;;;60.458666666666666
;;;60.467333333333336
;;;60.476
;;;60.48466666666667
;;;60.49333333333333
;;;60.502
;;;60.510666666666665
;;;60.519333333333336
;;;60.528
;;;60.53666666666667
;;;60.54533333333333
;;;60.554
;;;60.562666666666665
;;;60.571333333333335
;;;60.58
;;;60.58866666666667
;;;60.59733333333333
;;;60.606
;;;60.614666666666665
;;;60.623333333333335
;;;60.632
;;;60.64066666666667
;;;60.64933333333333
;;;60.658
;;;60.666666666666664
;;;60.675333333333334
0;86.838;30.423;60.684
0;84.548;30.016;60.69266666666667
0;82.691;29.56;60.70133333333333
0;81.22;28.584;60.71
;;;60.718666666666664
;;;60.727333333333334
;;;60.736
;;;60.74466666666667
;;;60.75333333333333
;;;60.762
0;70.143;4.215;60.77066666666666
0;67.767;3.647;60.779333333333334
;;;60.788
;;;60.79666666666667
;;;60.80533333333333
;;;60.814
;;;60.82266666666667
;;;60.83133333333333
;;;60.84
;;;60.84866666666667
0;14.87;3.042;60.85733333333334
0;14.968;2.069;60.866
0;15.072;1.342;60.87466666666667
0;14.161;0.975;60.88333333333333
0;12.306;1.16;60.892
0;10.121;2.07;60.900666666666666
1;9.207;3.555;60.909333333333336
1;9.652;3.988;60.918
1;11.186;3.921;60.92666666666667
;;;60.93533333333333
;;;60.944
;;;60.952666666666666
;;;60.961333333333336
;;;60.97
;;;60.97866666666667
;;;60.98733333333333
;;;60.996
;;;61.004666666666665
;;;61.013333333333335
;;;61.022
;;;61.03066666666667
;;;61.03933333333333
;;;61.048
;;;61.056666666666665
;;;61.065333333333335
1;50.982;48.556;61.074
1;53.093;51.503;61.08266666666667
1;55.512;54.118;61.09133333333333
;;;61.1
;;;61.108666666666664
;;;61.117333333333335
;;;61.126
1;62.97;67.668;61.13466666666667
1;62.851;68.326;61.14333333333333
1;62.915;67.982;61.152
1;62.98;67.622;61.160666666666664
1;62.876;67.474;61.169333333333334
0;61.087;68.755;61.178
;;;61.18666666666667
;;;61.19533333333333
;;;61.204
0;56.309;57.747;61.212666666666664
;;;61.221333333333334
;;;61.23
;;;61.23866666666667
;;;61.24733333333333
;;;61.256
;;;61.26466666666666
;;;61.27333333333333
;;;61.282
;;;61.29066666666667
1;7.394;67.851;61.29933333333334
;;;61.308
;;;61.31666666666667
;;;61.32533333333333
;;;61.334
;;;61.342666666666666
;;;61.351333333333336
;;;61.36
;;;61.36866666666667
;;;61.37733333333333
;;;61.386
;;;61.394666666666666
;;;61.403333333333336
;;;61.412
0;15.234;68.792;61.42066666666667
0;15.103;68.659;61.42933333333333
;;;61.438
;;;61.446666666666665
;;;61.455333333333336
0;25.123;64.84;61.464
;;;61.47266666666667
;;;61.48133333333333
;;;61.49
;;;61.498666666666665
;;;61.507333333333335
;;;61.516
;;;61.52466666666667
;;;61.53333333333333
;;;61.542
;;;61.550666666666665
;;;61.559333333333335
;;;61.568
;;;61.57666666666667
;;;61.58533333333333
0;17.96;20.827;61.594
0;17.434;21.668;61.602666666666664
0;16.676;22.817;61.611333333333334
0;16.12;24.067;61.62
;;;61.62866666666667
;;;61.63733333333333
;;;61.646
;;;61.654666666666664
;;;61.663333333333334
;;;61.672
1;5.707;20.8;61.68066666666667
1;5.753;19.622;61.68933333333333
1;6.126;18.963;61.698
1;6.867;18.87;61.70666666666666
;;;61.715333333333334
;;;61.724
;;;61.73266666666667
;;;61.74133333333333
;;;61.75
;;;61.75866666666667
;;;61.76733333333333
;;;61.776
;;;61.784666666666666
;;;61.79333333333334
1;8.522;20.433;61.802
1;9.329;20.457;61.81066666666667
;;;61.81933333333333
;;;61.828
;;;61.836666666666666
;;;61.845333333333336
;;;61.854
;;;61.86266666666667
;;;61.87133333333333
;;;61.88
;;;61.888666666666666
;;;61.897333333333336
;;;61.906
;;;61.91466666666667
;;;61.92333333333333
;;;61.932
;;;61.940666666666665
;;;61.949333333333335
;;;61.958
;;;61.96666666666667
;;;61.97533333333333
;;;61.984
;;;61.992666666666665
;;;62.001333333333335
;;;62.01
;;;62.01866666666667
;;;62.02733333333333
;;;62.036
;;;62.044666666666664
;;;62.053333333333335
;;;62.062
;;;62.07066666666667
;;;62.07933333333333
;;;62.088
;;;62.096666666666664
;;;62.105333333333334
;;;62.114
;;;62.12266666666667
;;;62.13133333333333
;;;62.14
;;;62.148666666666664
;;;62.157333333333334
;;;62.166
;;;62.17466666666667
;;;62.18333333333333
;;;62.192
;;;62.20066666666666
;;;62.20933333333333
0;86.921;30.669;62.218
0;84.907;29.82;62.22666666666667
;;;62.23533333333334
;;;62.244
;;;62.25266666666667
;;;62.26133333333333
;;;62.27
;;;62.278666666666666
0;68.88;4.876;62.287333333333336
0;67.304;3.454;62.296
;;;62.30466666666667
;;;62.31333333333333
;;;62.322
;;;62.330666666666666
;;;62.339333333333336
;;;62.348
;;;62.35666666666667
;;;62.36533333333333
;;;62.374
1;22.631;32.493;62.382666666666665
1;23.524;32.156;62.391333333333336
;;;62.4
;;;62.40866666666667
;;;62.41733333333333
;;;62.426
;;;62.434666666666665
;;;62.443333333333335
;;;62.452
;;;62.46066666666667
;;;62.46933333333333
;;;62.478
;;;62.486666666666665
;;;62.495333333333335
;;;62.504
0;56.773;21.18;62.51266666666667
;;;62.52133333333333
;;;62.53
;;;62.538666666666664
;;;62.547333333333334
;;;62.556
;;;62.56466666666667
;;;62.57333333333333
0;39.232;8.683;62.582
0;38.251;7.349;62.590666666666664
0;37.776;6.156;62.599333333333334
;;;62.608
;;;62.61666666666667
;;;62.62533333333333
;;;62.634
;;;62.64266666666666
;;;62.65133333333333
;;;62.66
;;;62.66866666666667
0;52.643;27.734;62.67733333333333
0;50.874;29.224;62.686
;;;62.69466666666667
;;;62.70333333333333
;;;62.712
;;;62.720666666666666
;;;62.72933333333334
;;;62.738
0;32.234;22.06;62.74666666666667
0;33.387;22.424;62.75533333333333
0;34.677;23.931;62.764
0;35.908;25.125;62.772666666666666
;;;62.781333333333336
;;;62.79
;;;62.79866666666667
;;;62.80733333333333
;;;62.816
;;;62.824666666666666
;;;62.833333333333336
;;;62.842
;;;62.85066666666667
;;;62.85933333333333
;;;62.868
;;;62.876666666666665
;;;62.885333333333335
;;;62.894
;;;62.90266666666667
;;;62.91133333333333
;;;62.92
0;11.817;49.007;62.928666666666665
0;11.824;50.341;62.937333333333335
0;11.367;51.227;62.946
0;10.317;51.489;62.95466666666667
0;8.792;51.601;62.96333333333333
0;6.833;51.939;62.972
0;4.553;52.319;62.980666666666664
0;2.533;52.998;62.989333333333335
1;1.127;54.706;62.998
1;0.353;57.102;63.00666666666667
1;0.198;59.661;63.01533333333333
1;0.834;61.353;63.024
1;2.172;62.135;63.032666666666664
1;3.797;62.479;63.041333333333334
1;5.297;62.524;63.05
1;6.675;62.425;63.05866666666667
1;7.872;62.443;63.06733333333333
;;;63.076
;;;63.084666666666664
;;;63.093333333333334
;;;63.102
;;;63.11066666666667
;;;63.11933333333333
;;;63.128
;;;63.13666666666666
1;41.218;25.52;63.14533333333333
1;43.285;24.891;63.154
1;45.612;25.051;63.16266666666667
;;;63.17133333333334
;;;63.18
;;;63.18866666666667
;;;63.19733333333333
;;;63.206
;;;63.214666666666666
;;;63.223333333333336
;;;63.232
;;;63.24066666666667
;;;63.24933333333333
;;;63.258
1;78.195;3.411;63.266666666666666
1;78.482;3.365;63.275333333333336
1;78.423;3.464;63.284
1;78.232;3.523;63.29266666666667
1;78.144;3.547;63.30133333333333
1;78.18;3.612;63.31
1;78.24;3.644;63.318666666666665
1;78.168;3.434;63.327333333333335
1;77.909;3.098;63.336
1;78.221;3.153;63.34466666666667
;;;63.35333333333333
;;;63.362
;;;63.370666666666665
;;;63.379333333333335
;;;63.388
;;;63.39666666666667
;;;63.40533333333333
;;;63.414
;;;63.422666666666665
;;;63.431333333333335
1;102.833;15.642;63.44
0;101.027;18.416;63.44866666666667
0;99.255;19.859;63.45733333333333
;;;63.466
;;;63.474666666666664
;;;63.483333333333334
;;;63.492
;;;63.50066666666667
;;;63.50933333333333
1;83.831;9.024;63.518
;;;63.526666666666664
;;;63.535333333333334
;;;63.544
0;82.908;9.466;63.55266666666667
;;;63.56133333333333
;;;63.57
;;;63.57866666666666
;;;63.58733333333333
;;;63.596
;;;63.60466666666667
;;;63.61333333333334
;;;63.622
0;47.26;4.169;63.63066666666667
0;44.962;5.853;63.63933333333333
0;42.497;7.869;63.648
0;39.973;10.201;63.656666666666666
0;37.488;12.693;63.665333333333336
;;;63.674
;;;63.68266666666667
;;;63.69133333333333
;;;63.7
0;21.908;26.718;63.708666666666666
0;20.2;29.258;63.717333333333336
0;19.374;32.439;63.726
;;;63.73466666666667
;;;63.74333333333333
;;;63.752
0;19.602;39.328;63.760666666666665
0;18.881;42.053;63.769333333333336
0;18.32;44.545;63.778
0;18.364;46.427;63.78666666666667
0;19.466;48.218;63.79533333333333
;;;63.804
;;;63.812666666666665
;;;63.821333333333335
;;;63.83
;;;63.83866666666667
0;41.165;56.961;63.84733333333333
;;;63.856
;;;63.864666666666665
;;;63.873333333333335
;;;63.882
;;;63.89066666666667
0;51.119;37.325;63.89933333333333
0;49.423;35.831;63.908
0;47.353;34.858;63.916666666666664
0;45.506;34.695;63.925333333333334
;;;63.934
;;;63.94266666666667
;;;63.95133333333333
;;;63.96
;;;63.968666666666664
;;;63.977333333333334
;;;63.986
;;;63.99466666666667
;;;64.00333333333333
;;;64.012
;;;64.02066666666667
0;13.08;9.812;64.02933333333333
;;;64.038
;;;64.04666666666667
;;;64.05533333333334
;;;64.064
;;;64.07266666666666
;;;64.08133333333333
;;;64.09
;;;64.09866666666667
;;;64.10733333333333
;;;64.116
;;;64.12466666666667
;;;64.13333333333334
;;;64.142
;;;64.15066666666667
;;;64.15933333333334
;;;64.168
;;;64.17666666666666
;;;64.18533333333333
0;1.094;0.628;64.194
0;1.198;0.7;64.20266666666667
0;1.166;0.749;64.21133333333333
0;1.157;0.732;64.22
;;;64.22866666666667
;;;64.23733333333334
;;;64.246
;;;64.25466666666667
;;;64.26333333333334
;;;64.272
;;;64.28066666666666
;;;64.28933333333333
;;;64.298
;;;64.30666666666667
;;;64.31533333333333
;;;64.324
;;;64.33266666666667
;;;64.34133333333334
0;50.43;28.314;64.35
0;53.228;29.764;64.35866666666666
;;;64.36733333333333
;;;64.376
;;;64.38466666666666
;;;64.39333333333333
;;;64.402
;;;64.41066666666667
;;;64.41933333333333
;;;64.428
;;;64.43666666666667
;;;64.44533333333334
;;;64.454
;;;64.46266666666666
;;;64.47133333333333
;;;64.48
;;;64.48866666666666
;;;64.49733333333333
;;;64.506
;;;64.51466666666667
;;;64.52333333333333
;;;64.532
0;73.181;54.065;64.54066666666667
0;72.885;54.061;64.54933333333334
0;72.873;54.012;64.558
